grupo_equipe;data_inicio_exec;data_fim_exec;aerogerador;desc_especie;desc_esquema;quantidade
AGD;2026-01-19 08:00:00;2026-01-19 17:00:00;AMP-01;GERADOR;INSPEÇÃO DE MANUTENÇÃO PREVENTIVA ANUAL;1
AGD;2026-01-19 08:00:00;2026-01-19 17:00:00;AMP-01;NACELLE;INSPEÇÃO DE MANUTENÇÃO PREVENTIVA ANUAL;1
AGD;2026-01-19 08:00:00;2026-01-19 17:00:00;AMP-01;SISTEMA PITCH;INSPEÇÃO DE MANUTENÇÃO PREVENTIVA ANUAL;1
AGD;2026-01-19 08:00:00;2026-01-19 17:00:00;AMP-01;TORRE WTG;INSPEÇÃO DE MANUTENÇÃO PREVENTIVA ANUAL;1
AGD;2026-01-19 08:00:00;2026-01-21 12:00:00;AMP-01;AEROGERADOR;AVALIAÇÃO DE EQUIPE;1
AGD;2026-01-21 08:00:00;2026-01-21 12:00:00;AMP-01;CONVERSOR;INSPEÇÃO DE MANUTENÇÃO PREVENTIVA ANUAL;1
AGD;2026-01-26 13:00:00;2026-01-26 17:00:00;AMP-07;CONVERSOR;INSPEÇÃO DE MANUTENÇÃO PREVENTIVA ANUAL;1
AGD;2026-01-27 08:00:00;2026-01-27 14:00:00;AMP-07;GERADOR;INSPEÇÃO DE MANUTENÇÃO PREVENTIVA ANUAL;1
AGD;2026-01-27 08:00:00;2026-01-27 14:00:00;AMP-07;SISTEMA PITCH;INSPEÇÃO DE MANUTENÇÃO PREVENTIVA ANUAL;1
AGD;2026-01-28 08:00:00;2026-01-28 12:00:00;AMP-07;AEROGERADOR;AVALIAÇÃO DE EQUIPE;1
AGD;2026-01-28 08:00:00;2026-01-28 12:00:00;AMP-07;NACELLE;INSPEÇÃO DE MANUTENÇÃO PREVENTIVA ANUAL;1
AGD;2026-01-28 08:00:00;2026-01-28 12:00:00;AMP-07;TORRE WTG;INSPEÇÃO DE MANUTENÇÃO PREVENTIVA ANUAL;1
AGD;2026-02-05 08:00:00;2026-02-05 14:00:00;AMP-14;CONVERSOR;INSPEÇÃO DE MANUTENÇÃO PREVENTIVA ANUAL;1
AGD;2026-02-12 08:30:00;2026-02-19 09:00:00;AQB-37;FERRAMENTAS EQUIPAMENTOS DE ENSAIO E MEDIÇÃO;MPP6 - AUDITORIA DE FERRAMENTAS - M6;1
AGD;2026-02-12 09:30:00;2026-02-12 10:00:00;AQB-MV;FERRAMENTAS EQUIPAMENTOS DE ENSAIO E MEDIÇÃO;MPP6 - AUDITORIA DE FERRAMENTAS - M6;5
AGD;2026-02-12 13:00:00;2026-02-12 17:00:00;AMP-08;CONVERSOR;INSPEÇÃO DE QUALIDADE DE AEROGERADOR;1
AGD;2026-02-12 13:00:00;2026-02-12 17:00:00;AMP-08;GERADOR;INSPEÇÃO DE QUALIDADE DE AEROGERADOR;1
AGD;2026-02-12 13:00:00;2026-02-12 17:00:00;AMP-08;NACELLE;INSPEÇÃO DE QUALIDADE DE AEROGERADOR;1
AGD;2026-02-12 13:00:00;2026-02-12 17:00:00;AMP-08;SISTEMA PITCH;INSPEÇÃO DE QUALIDADE DE AEROGERADOR;1
AGD;2026-02-12 13:00:00;2026-02-12 17:00:00;AMP-08;TORRE WTG;INSPEÇÃO DE QUALIDADE DE AEROGERADOR;1
AGD;2026-02-13 08:00:00;2026-02-13 13:00:00;CBO-01;CONVERSOR;INSPEÇÃO DE MANUTENÇÃO PREVENTIVA ANUAL;1
AGD;2026-02-19 07:30:00;2026-02-19 08:00:00;AQB-45;FERRAMENTAS EQUIPAMENTOS DE ENSAIO E MEDIÇÃO;MPP6 - AUDITORIA DE FERRAMENTAS - M6;1
AGD;2026-02-19 07:50:00;2026-02-19 08:20:00;AQB-15;FERRAMENTAS EQUIPAMENTOS DE ENSAIO E MEDIÇÃO;MPP6 - AUDITORIA DE FERRAMENTAS - M6;1
AGD;2026-02-19 08:00:00;2026-02-19 08:30:00;AQB-80;FERRAMENTAS EQUIPAMENTOS DE ENSAIO E MEDIÇÃO;MPP6 - AUDITORIA DE FERRAMENTAS - M6;1
AGD;2026-02-19 09:00:00;2026-02-19 09:30:00;AQB-53;FERRAMENTAS EQUIPAMENTOS DE ENSAIO E MEDIÇÃO;MPP6 - AUDITORIA DE FERRAMENTAS - M6;1
AGD;2026-02-19 09:30:00;2026-02-19 10:00:00;AQB-38;FERRAMENTAS EQUIPAMENTOS DE ENSAIO E MEDIÇÃO;MPP6 - AUDITORIA DE FERRAMENTAS - M6;1
AGD;2026-02-19 09:40:00;2026-02-19 10:20:00;AQB-10;FERRAMENTAS EQUIPAMENTOS DE ENSAIO E MEDIÇÃO;MPP6 - AUDITORIA DE FERRAMENTAS - M6;1
AGD;2026-02-19 13:00:00;2026-02-19 13:30:00;AQB-19;FERRAMENTAS EQUIPAMENTOS DE ENSAIO E MEDIÇÃO;MPP6 - AUDITORIA DE FERRAMENTAS - M6;1
AGD;2026-02-19 13:00:00;2026-02-19 13:30:00;AQB-27;FERRAMENTAS EQUIPAMENTOS DE ENSAIO E MEDIÇÃO;MPP6 - AUDITORIA DE FERRAMENTAS - M6;1
AGD;2026-02-19 13:00:00;2026-02-19 13:30:00;AQB-28;FERRAMENTAS EQUIPAMENTOS DE ENSAIO E MEDIÇÃO;MPP6 - AUDITORIA DE FERRAMENTAS - M6;1
AGD;2026-02-19 13:00:00;2026-02-19 13:30:00;AQB-30;FERRAMENTAS EQUIPAMENTOS DE ENSAIO E MEDIÇÃO;MPP6 - AUDITORIA DE FERRAMENTAS - M6;1
AGD;2026-02-19 13:00:00;2026-02-19 13:30:00;AQB-36;FERRAMENTAS EQUIPAMENTOS DE ENSAIO E MEDIÇÃO;MPP6 - AUDITORIA DE FERRAMENTAS - M6;1
AGD;2026-02-19 13:00:00;2026-02-19 13:35:00;AQB-24;FERRAMENTAS EQUIPAMENTOS DE ENSAIO E MEDIÇÃO;MPP6 - AUDITORIA DE FERRAMENTAS - M6;1
AGD;2026-02-19 13:00:00;2026-02-19 13:40:00;AQB-33;FERRAMENTAS EQUIPAMENTOS DE ENSAIO E MEDIÇÃO;MPP6 - AUDITORIA DE FERRAMENTAS - M6;1
AGD;2026-02-19 13:00:00;2026-02-19 14:00:00;AQB-20;FERRAMENTAS EQUIPAMENTOS DE ENSAIO E MEDIÇÃO;MPP6 - AUDITORIA DE FERRAMENTAS - M6;1
AGD;2026-02-19 13:30:00;2026-02-19 14:00:00;AQB-01;FERRAMENTAS EQUIPAMENTOS DE ENSAIO E MEDIÇÃO;MPP6 - AUDITORIA DE FERRAMENTAS - M6;1
AGD;2026-02-19 13:30:00;2026-02-19 14:00:00;AQB-95;FERRAMENTAS EQUIPAMENTOS DE ENSAIO E MEDIÇÃO;MPP6 - AUDITORIA DE FERRAMENTAS - M6;1
AGD;2026-02-19 13:30:00;2026-02-19 14:10:00;AQB-03;FERRAMENTAS EQUIPAMENTOS DE ENSAIO E MEDIÇÃO;MPP6 - AUDITORIA DE FERRAMENTAS - M6;1
AGD;2026-02-19 15:00:00;2026-02-19 15:30:00;AQB-25;FERRAMENTAS EQUIPAMENTOS DE ENSAIO E MEDIÇÃO;MPP6 - AUDITORIA DE FERRAMENTAS - M6;1
AGD;2026-02-20 08:00:00;2026-02-20 16:00:00;AMP-14;AEROGERADOR;AVALIAÇÃO DE EQUIPE;1
AGD;2026-02-20 08:00:00;2026-02-20 16:00:00;AMP-14;GERADOR;INSPEÇÃO DE MANUTENÇÃO PREVENTIVA ANUAL;1
AGD;2026-02-20 08:00:00;2026-02-20 16:00:00;AMP-14;NACELLE;INSPEÇÃO DE MANUTENÇÃO PREVENTIVA ANUAL;1
AGD;2026-02-20 08:00:00;2026-02-20 16:00:00;AMP-14;SISTEMA PITCH;INSPEÇÃO DE MANUTENÇÃO PREVENTIVA ANUAL;1
AGD;2026-02-20 08:00:00;2026-02-20 16:00:00;AMP-14;TORRE WTG;INSPEÇÃO DE MANUTENÇÃO PREVENTIVA ANUAL;1
AGD;2026-02-23 10:00:00;2026-02-23 10:30:00;AQB-3K;FERRAMENTAS EQUIPAMENTOS DE ENSAIO E MEDIÇÃO;MPP6 - AUDITORIA DE FERRAMENTAS - M6;1
AGD;2026-02-23 11:00:00;2026-02-23 11:24:00;AQB-49;FERRAMENTAS EQUIPAMENTOS DE ENSAIO E MEDIÇÃO;MPP6 - AUDITORIA DE FERRAMENTAS - M6;1
AGD;2026-02-23 11:00:00;2026-02-23 11:30:00;AQB-87;FERRAMENTAS EQUIPAMENTOS DE ENSAIO E MEDIÇÃO;MPP6 - AUDITORIA DE FERRAMENTAS - M6;1
AGD;2026-02-23 11:00:00;2026-02-23 11:40:00;AQB-53;FERRAMENTAS EQUIPAMENTOS DE ENSAIO E MEDIÇÃO;MPP6 - AUDITORIA DE FERRAMENTAS - M6;1
AGD;2026-02-23 13:00:00;2026-02-23 13:30:00;AQB-25;FERRAMENTAS EQUIPAMENTOS DE ENSAIO E MEDIÇÃO;MPP6 - AUDITORIA DE FERRAMENTAS - M6;1
AGD;2026-02-23 13:00:00;2026-02-23 13:40:00;AQB-57;FERRAMENTAS EQUIPAMENTOS DE ENSAIO E MEDIÇÃO;MPP6 - AUDITORIA DE FERRAMENTAS - M6;1
AGD;2026-02-23 13:30:00;2026-02-23 14:00:00;AQB-28;FERRAMENTAS EQUIPAMENTOS DE ENSAIO E MEDIÇÃO;MPP6 - AUDITORIA DE FERRAMENTAS - M6;1
AGD;2026-02-23 13:30:00;2026-02-23 14:15:00;AQB-07;FERRAMENTAS EQUIPAMENTOS DE ENSAIO E MEDIÇÃO;MPP6 - AUDITORIA DE FERRAMENTAS - M6;1
AGD;2026-02-23 13:30:00;2026-02-23 14:15:00;AQB-93;FERRAMENTAS EQUIPAMENTOS DE ENSAIO E MEDIÇÃO;MPP6 - AUDITORIA DE FERRAMENTAS - M6;1
AGD;2026-02-23 14:00:00;2026-02-23 14:30:00;AQB-MV;FERRAMENTAS EQUIPAMENTOS DE ENSAIO E MEDIÇÃO;MPP6 - AUDITORIA DE FERRAMENTAS - M6;1
AGD;2026-02-24 08:00:00;2026-02-24 16:40:00;CBO-01;GERADOR;INSPEÇÃO DE MANUTENÇÃO PREVENTIVA ANUAL;1
AGD;2026-02-24 08:00:00;2026-02-24 16:40:00;CBO-01;NACELLE;INSPEÇÃO DE MANUTENÇÃO PREVENTIVA ANUAL;1
AGD;2026-02-24 08:00:00;2026-02-24 16:40:00;CBO-01;SISTEMA PITCH;INSPEÇÃO DE MANUTENÇÃO PREVENTIVA ANUAL;1
AGD;2026-02-24 08:00:00;2026-02-24 16:40:00;CBO-01;TORRE WTG;INSPEÇÃO DE MANUTENÇÃO PREVENTIVA ANUAL;1
AGD;2026-02-24 08:00:00;2026-02-24 17:00:00;CBO-01;AEROGERADOR;AVALIAÇÃO DE EQUIPE;1
AGD;2026-02-25 14:30:00;2026-02-25 15:00:00;AQB-30;FERRAMENTAS EQUIPAMENTOS DE ENSAIO E MEDIÇÃO;MPP6 - AUDITORIA DE FERRAMENTAS - M6;1
AGD;2026-02-25 14:30:00;2026-02-25 15:00:00;AQB-52;FERRAMENTAS EQUIPAMENTOS DE ENSAIO E MEDIÇÃO;MPP6 - AUDITORIA DE FERRAMENTAS - M6;1
AGD;2026-02-25 14:30:00;2026-02-25 15:00:00;AQB-75;FERRAMENTAS EQUIPAMENTOS DE ENSAIO E MEDIÇÃO;MPP6 - AUDITORIA DE FERRAMENTAS - M6;1
AGD;2026-02-26 07:50:00;2026-02-26 08:20:00;AQB-77;FERRAMENTAS EQUIPAMENTOS DE ENSAIO E MEDIÇÃO;MPP6 - AUDITORIA DE FERRAMENTAS - M6;1
AGD;2026-02-26 07:50:00;2026-02-26 08:30:00;AQB-34;FERRAMENTAS EQUIPAMENTOS DE ENSAIO E MEDIÇÃO;MPP6 - AUDITORIA DE FERRAMENTAS - M6;1
AGD;2026-02-26 08:00:00;2026-02-26 08:40:00;AQB-64;FERRAMENTAS EQUIPAMENTOS DE ENSAIO E MEDIÇÃO;MPP6 - AUDITORIA DE FERRAMENTAS - M6;1
AGD;2026-02-26 10:00:00;2026-02-26 10:40:00;AQB-62;FERRAMENTAS EQUIPAMENTOS DE ENSAIO E MEDIÇÃO;MPP6 - AUDITORIA DE FERRAMENTAS - M6;1
AGD;2026-02-26 10:30:00;2026-02-26 11:10:00;AQB-52;FERRAMENTAS EQUIPAMENTOS DE ENSAIO E MEDIÇÃO;MPP6 - AUDITORIA DE FERRAMENTAS - M6;1
AGD;2026-02-26 10:40:00;2026-02-26 11:10:00;AQB-03;FERRAMENTAS EQUIPAMENTOS DE ENSAIO E MEDIÇÃO;MPP6 - AUDITORIA DE FERRAMENTAS - M6;1
AGD;2026-02-26 10:40:00;2026-02-26 11:20:00;AQB-75;FERRAMENTAS EQUIPAMENTOS DE ENSAIO E MEDIÇÃO;MPP6 - AUDITORIA DE FERRAMENTAS - M6;1
AGD;2026-02-26 13:00:00;2026-02-26 13:20:00;AQB-61;FERRAMENTAS EQUIPAMENTOS DE ENSAIO E MEDIÇÃO;MPP6 - AUDITORIA DE FERRAMENTAS - M6;1
AGD;2026-02-26 13:00:00;2026-02-26 13:30:00;AQB-79;FERRAMENTAS EQUIPAMENTOS DE ENSAIO E MEDIÇÃO;MPP6 - AUDITORIA DE FERRAMENTAS - M6;1
AGD;2026-02-26 14:30:00;2026-02-26 15:40:00;AQB-43;FERRAMENTAS EQUIPAMENTOS DE ENSAIO E MEDIÇÃO;MPP6 - AUDITORIA DE FERRAMENTAS - M6;1
AGD;2026-02-26 15:30:00;2026-02-26 16:00:00;AQB-71;FERRAMENTAS EQUIPAMENTOS DE ENSAIO E MEDIÇÃO;MPP6 - AUDITORIA DE FERRAMENTAS - M6;1
AGD;2026-02-27 08:00:00;2026-02-27 09:00:00;AQB-67;FERRAMENTAS EQUIPAMENTOS DE ENSAIO E MEDIÇÃO;MPP6 - AUDITORIA DE FERRAMENTAS - M6;1
AGD;2026-02-27 08:00:00;2026-02-27 10:00:00;AQB-30;FERRAMENTAS EQUIPAMENTOS DE ENSAIO E MEDIÇÃO;MPP6 - AUDITORIA DE FERRAMENTAS - M6;1
AGD;2026-02-27 08:00:00;2026-02-27 10:00:00;AQB-69;FERRAMENTAS EQUIPAMENTOS DE ENSAIO E MEDIÇÃO;MPP6 - AUDITORIA DE FERRAMENTAS - M6;1
AGD;2026-02-27 08:00:00;2026-02-27 10:00:00;AQB-82;FERRAMENTAS EQUIPAMENTOS DE ENSAIO E MEDIÇÃO;MPP6 - AUDITORIA DE FERRAMENTAS - M6;1
AGD;2026-02-27 09:00:00;2026-02-27 09:40:00;AQB-51;FERRAMENTAS EQUIPAMENTOS DE ENSAIO E MEDIÇÃO;MPP6 - AUDITORIA DE FERRAMENTAS - M6;1
AGD;2026-03-02 08:00:00;2026-03-05 07:16:00;AMP-OL;PARQUE EÓLICO;APR - PT;1
AGD;2026-03-02 09:00:00;2026-03-02 10:00:00;AMP-02;NACELLE;MPP1 - INSPEÇÃO EXTERNA DE AEROGERADOR - M6;1
AGD;2026-03-02 10:20:00;2026-03-02 10:40:00;AMP-01;CONVERSOR;MPP1 - INSPEÇÃO EXTERNA DE AEROGERADOR - M6;1
AGD;2026-03-02 10:20:00;2026-03-02 10:40:00;AMP-01;GERADOR;MPP1 - INSPEÇÃO EXTERNA DE AEROGERADOR - M6;1
AGD;2026-03-02 10:20:00;2026-03-02 10:40:00;AMP-01;NACELLE;MPP1 - INSPEÇÃO EXTERNA DE AEROGERADOR - M6;1
AGD;2026-03-02 10:20:00;2026-03-02 10:40:00;AMP-01;SISTEMA PITCH;MPP1 - INSPEÇÃO EXTERNA DE AEROGERADOR - M6;1
AGD;2026-03-02 10:20:00;2026-03-02 10:40:00;AMP-01;TORRE WTG;MPP1 - INSPEÇÃO EXTERNA DE AEROGERADOR - M6;1
AGD;2026-03-02 10:45:00;2026-03-02 10:55:00;AMP-02;CONVERSOR;MPP1 - INSPEÇÃO EXTERNA DE AEROGERADOR - M6;1
AGD;2026-03-02 10:45:00;2026-03-02 10:55:00;AMP-02;GERADOR;MPP1 - INSPEÇÃO EXTERNA DE AEROGERADOR - M6;1
AGD;2026-03-02 10:45:00;2026-03-02 10:55:00;AMP-02;SISTEMA PITCH;MPP1 - INSPEÇÃO EXTERNA DE AEROGERADOR - M6;1
AGD;2026-03-02 10:45:00;2026-03-02 10:55:00;AMP-02;TORRE WTG;MPP1 - INSPEÇÃO EXTERNA DE AEROGERADOR - M6;1
AGD;2026-03-02 11:00:00;2026-03-02 11:15:00;AMP-03;CONVERSOR;MPP1 - INSPEÇÃO EXTERNA DE AEROGERADOR - M6;1
AGD;2026-03-02 11:00:00;2026-03-02 11:15:00;AMP-03;GERADOR;MPP1 - INSPEÇÃO EXTERNA DE AEROGERADOR - M6;1
AGD;2026-03-02 11:00:00;2026-03-02 11:15:00;AMP-03;SISTEMA PITCH;MPP1 - INSPEÇÃO EXTERNA DE AEROGERADOR - M6;1
AGD;2026-03-02 11:00:00;2026-03-02 11:15:00;AMP-03;TORRE WTG;MPP1 - INSPEÇÃO EXTERNA DE AEROGERADOR - M6;1
AGD;2026-03-02 11:00:00;2026-03-02 11:30:00;AMP-03;NACELLE;MPP1 - INSPEÇÃO EXTERNA DE AEROGERADOR - M6;1
AGD;2026-03-03 09:00:00;2026-03-03 10:00:00;AMP-15;CONVERSOR;MPP1 - INSPEÇÃO EXTERNA DE AEROGERADOR - M6;1
AGD;2026-03-03 09:10:00;2026-03-03 09:30:00;AMP-15;GERADOR;MPP1 - INSPEÇÃO EXTERNA DE AEROGERADOR - M6;1
AGD;2026-03-03 09:10:00;2026-03-03 09:30:00;AMP-15;NACELLE;MPP1 - INSPEÇÃO EXTERNA DE AEROGERADOR - M6;1
AGD;2026-03-03 09:10:00;2026-03-03 09:30:00;AMP-15;SISTEMA PITCH;MPP1 - INSPEÇÃO EXTERNA DE AEROGERADOR - M6;1
AGD;2026-03-03 09:10:00;2026-03-03 09:30:00;AMP-15;TORRE WTG;MPP1 - INSPEÇÃO EXTERNA DE AEROGERADOR - M6;1
AGD;2026-03-03 09:35:00;2026-03-03 10:05:00;AMP-14;CONVERSOR;MPP1 - INSPEÇÃO EXTERNA DE AEROGERADOR - M6;1
AGD;2026-03-03 09:35:00;2026-03-03 10:05:00;AMP-14;GERADOR;MPP1 - INSPEÇÃO EXTERNA DE AEROGERADOR - M6;1
AGD;2026-03-03 09:35:00;2026-03-03 10:05:00;AMP-14;NACELLE;MPP1 - INSPEÇÃO EXTERNA DE AEROGERADOR - M6;1
AGD;2026-03-03 09:35:00;2026-03-03 10:05:00;AMP-14;SISTEMA PITCH;MPP1 - INSPEÇÃO EXTERNA DE AEROGERADOR - M6;1
AGD;2026-03-03 09:35:00;2026-03-03 10:05:00;AMP-14;TORRE WTG;MPP1 - INSPEÇÃO EXTERNA DE AEROGERADOR - M6;1
AGD;2026-03-03 10:08:00;2026-03-03 10:20:00;AMP-11;CONVERSOR;MPP1 - INSPEÇÃO EXTERNA DE AEROGERADOR - M6;1
AGD;2026-03-03 10:08:00;2026-03-03 10:20:00;AMP-11;GERADOR;MPP1 - INSPEÇÃO EXTERNA DE AEROGERADOR - M6;1
AGD;2026-03-03 10:08:00;2026-03-03 10:20:00;AMP-11;NACELLE;MPP1 - INSPEÇÃO EXTERNA DE AEROGERADOR - M6;1
AGD;2026-03-03 10:08:00;2026-03-03 10:20:00;AMP-11;SISTEMA PITCH;MPP1 - INSPEÇÃO EXTERNA DE AEROGERADOR - M6;1
AGD;2026-03-03 10:08:00;2026-03-03 10:20:00;AMP-11;TORRE WTG;MPP1 - INSPEÇÃO EXTERNA DE AEROGERADOR - M6;1
AGD;2026-03-03 10:22:00;2026-03-03 10:33:00;AMP-13;CONVERSOR;MPP1 - INSPEÇÃO EXTERNA DE AEROGERADOR - M6;1
AGD;2026-03-03 10:22:00;2026-03-03 10:33:00;AMP-13;GERADOR;MPP1 - INSPEÇÃO EXTERNA DE AEROGERADOR - M6;1
AGD;2026-03-03 10:22:00;2026-03-03 10:33:00;AMP-13;NACELLE;MPP1 - INSPEÇÃO EXTERNA DE AEROGERADOR - M6;1
AGD;2026-03-03 10:22:00;2026-03-03 10:33:00;AMP-13;SISTEMA PITCH;MPP1 - INSPEÇÃO EXTERNA DE AEROGERADOR - M6;1
AGD;2026-03-03 10:22:00;2026-03-03 10:33:00;AMP-13;TORRE WTG;MPP1 - INSPEÇÃO EXTERNA DE AEROGERADOR - M6;1
AGD;2026-03-03 10:35:00;2026-03-03 10:50:00;AMP-12;CONVERSOR;MPP1 - INSPEÇÃO EXTERNA DE AEROGERADOR - M6;1
AGD;2026-03-03 10:35:00;2026-03-03 10:50:00;AMP-12;GERADOR;MPP1 - INSPEÇÃO EXTERNA DE AEROGERADOR - M6;1
AGD;2026-03-03 10:35:00;2026-03-03 10:50:00;AMP-12;NACELLE;MPP1 - INSPEÇÃO EXTERNA DE AEROGERADOR - M6;1
AGD;2026-03-03 10:35:00;2026-03-03 10:50:00;AMP-12;SISTEMA PITCH;MPP1 - INSPEÇÃO EXTERNA DE AEROGERADOR - M6;1
AGD;2026-03-03 10:35:00;2026-03-03 10:50:00;AMP-12;TORRE WTG;MPP1 - INSPEÇÃO EXTERNA DE AEROGERADOR - M6;1
AGD;2026-03-04 10:20:00;2026-03-04 10:30:00;AMP-04;CONVERSOR;MPP1 - INSPEÇÃO EXTERNA DE AEROGERADOR - M6;1
AGD;2026-03-04 10:20:00;2026-03-04 10:30:00;AMP-04;GERADOR;MPP1 - INSPEÇÃO EXTERNA DE AEROGERADOR - M6;1
AGD;2026-03-04 10:20:00;2026-03-04 10:30:00;AMP-04;NACELLE;MPP1 - INSPEÇÃO EXTERNA DE AEROGERADOR - M6;1
AGD;2026-03-04 10:20:00;2026-03-04 10:30:00;AMP-04;SISTEMA PITCH;MPP1 - INSPEÇÃO EXTERNA DE AEROGERADOR - M6;1
AGD;2026-03-04 10:20:00;2026-03-04 10:30:00;AMP-04;TORRE WTG;MPP1 - INSPEÇÃO EXTERNA DE AEROGERADOR - M6;1
AGD;2026-03-04 10:35:00;2026-03-04 10:45:00;AMP-05;CONVERSOR;MPP1 - INSPEÇÃO EXTERNA DE AEROGERADOR - M6;1
AGD;2026-03-04 10:35:00;2026-03-04 10:45:00;AMP-05;GERADOR;MPP1 - INSPEÇÃO EXTERNA DE AEROGERADOR - M6;1
AGD;2026-03-04 10:35:00;2026-03-04 10:45:00;AMP-05;NACELLE;MPP1 - INSPEÇÃO EXTERNA DE AEROGERADOR - M6;1
AGD;2026-03-04 10:35:00;2026-03-04 10:45:00;AMP-05;SISTEMA PITCH;MPP1 - INSPEÇÃO EXTERNA DE AEROGERADOR - M6;1
AGD;2026-03-04 10:35:00;2026-03-04 10:45:00;AMP-05;TORRE WTG;MPP1 - INSPEÇÃO EXTERNA DE AEROGERADOR - M6;1
AGD;2026-03-04 10:50:00;2026-03-04 11:00:00;AMP-06;CONVERSOR;MPP1 - INSPEÇÃO EXTERNA DE AEROGERADOR - M6;1
AGD;2026-03-04 10:50:00;2026-03-04 11:00:00;AMP-06;GERADOR;MPP1 - INSPEÇÃO EXTERNA DE AEROGERADOR - M6;1
AGD;2026-03-04 10:50:00;2026-03-04 11:00:00;AMP-06;NACELLE;MPP1 - INSPEÇÃO EXTERNA DE AEROGERADOR - M6;1
AGD;2026-03-04 10:50:00;2026-03-04 11:00:00;AMP-06;SISTEMA PITCH;MPP1 - INSPEÇÃO EXTERNA DE AEROGERADOR - M6;1
AGD;2026-03-04 10:50:00;2026-03-04 11:00:00;AMP-06;TORRE WTG;MPP1 - INSPEÇÃO EXTERNA DE AEROGERADOR - M6;1
AGD;2026-03-04 11:05:00;2026-03-04 11:25:00;AMP-07;CONVERSOR;MPP1 - INSPEÇÃO EXTERNA DE AEROGERADOR - M6;1
AGD;2026-03-04 11:05:00;2026-03-04 11:25:00;AMP-07;GERADOR;MPP1 - INSPEÇÃO EXTERNA DE AEROGERADOR - M6;1
AGD;2026-03-04 11:05:00;2026-03-04 11:25:00;AMP-07;NACELLE;MPP1 - INSPEÇÃO EXTERNA DE AEROGERADOR - M6;1
AGD;2026-03-04 11:05:00;2026-03-04 11:25:00;AMP-07;SISTEMA PITCH;MPP1 - INSPEÇÃO EXTERNA DE AEROGERADOR - M6;1
AGD;2026-03-04 11:05:00;2026-03-04 11:25:00;AMP-07;TORRE WTG;MPP1 - INSPEÇÃO EXTERNA DE AEROGERADOR - M6;1
AGD;2026-03-04 14:10:00;2026-03-04 14:40:00;AMP-08;CONVERSOR;MPP1 - INSPEÇÃO EXTERNA DE AEROGERADOR - M6;1
AGD;2026-03-04 14:10:00;2026-03-04 14:40:00;AMP-08;GERADOR;MPP1 - INSPEÇÃO EXTERNA DE AEROGERADOR - M6;1
AGD;2026-03-04 14:10:00;2026-03-04 14:40:00;AMP-08;NACELLE;MPP1 - INSPEÇÃO EXTERNA DE AEROGERADOR - M6;1
AGD;2026-03-04 14:10:00;2026-03-04 14:40:00;AMP-08;SISTEMA PITCH;MPP1 - INSPEÇÃO EXTERNA DE AEROGERADOR - M6;1
AGD;2026-03-04 14:10:00;2026-03-04 14:40:00;AMP-08;TORRE WTG;MPP1 - INSPEÇÃO EXTERNA DE AEROGERADOR - M6;1
AGD;2026-03-04 14:55:00;2026-03-04 15:10:00;AMP-09;CONVERSOR;MPP1 - INSPEÇÃO EXTERNA DE AEROGERADOR - M6;1
AGD;2026-03-04 14:55:00;2026-03-04 15:10:00;AMP-09;GERADOR;MPP1 - INSPEÇÃO EXTERNA DE AEROGERADOR - M6;1
AGD;2026-03-04 14:55:00;2026-03-04 15:10:00;AMP-09;NACELLE;MPP1 - INSPEÇÃO EXTERNA DE AEROGERADOR - M6;1
AGD;2026-03-04 14:55:00;2026-03-04 15:10:00;AMP-09;SISTEMA PITCH;MPP1 - INSPEÇÃO EXTERNA DE AEROGERADOR - M6;1
AGD;2026-03-04 14:55:00;2026-03-04 15:10:00;AMP-09;TORRE WTG;MPP1 - INSPEÇÃO EXTERNA DE AEROGERADOR - M6;1
AGD;2026-03-04 15:15:00;2026-03-04 15:25:00;AMP-10;CONVERSOR;MPP1 - INSPEÇÃO EXTERNA DE AEROGERADOR - M6;1
AGD;2026-03-04 15:15:00;2026-03-04 15:25:00;AMP-10;GERADOR;MPP1 - INSPEÇÃO EXTERNA DE AEROGERADOR - M6;1
AGD;2026-03-04 15:15:00;2026-03-04 15:25:00;AMP-10;NACELLE;MPP1 - INSPEÇÃO EXTERNA DE AEROGERADOR - M6;1
AGD;2026-03-04 15:15:00;2026-03-04 15:25:00;AMP-10;SISTEMA PITCH;MPP1 - INSPEÇÃO EXTERNA DE AEROGERADOR - M6;1
AGD;2026-03-04 15:15:00;2026-03-04 15:25:00;AMP-10;TORRE WTG;MPP1 - INSPEÇÃO EXTERNA DE AEROGERADOR - M6;1
AGD;2026-03-05 08:00:00;2026-03-17 17:00:00;AQB-OL;PARQUE EÓLICO;APR - PT;1
AGD;2026-03-10 08:00:00;2026-03-10 12:00:00;SAL-04;CONVERSOR;INSPEÇÃO DE MANUTENÇÃO PREVENTIVA ANUAL;1
AGD;2026-03-10 10:30:00;2026-03-12 11:00:00;AQB-03;CONVERSOR;MPP1 - INSPEÇÃO EXTERNA DE AEROGERADOR - M6;1
AGD;2026-03-10 15:00:00;2026-03-10 15:10:00;AQB-06;CONVERSOR;MPP1 - INSPEÇÃO EXTERNA DE AEROGERADOR - M6;1
AGD;2026-03-10 15:00:00;2026-03-10 15:10:00;AQB-06;GERADOR;MPP1 - INSPEÇÃO EXTERNA DE AEROGERADOR - M6;1
AGD;2026-03-10 15:00:00;2026-03-10 15:10:00;AQB-06;NACELLE;MPP1 - INSPEÇÃO EXTERNA DE AEROGERADOR - M6;1
AGD;2026-03-10 15:00:00;2026-03-10 15:10:00;AQB-06;SISTEMA PITCH;MPP1 - INSPEÇÃO EXTERNA DE AEROGERADOR - M6;1
AGD;2026-03-10 15:00:00;2026-03-10 15:10:00;AQB-06;TORRE WTG;MPP1 - INSPEÇÃO EXTERNA DE AEROGERADOR - M6;1
AGD;2026-03-10 15:15:00;2026-03-10 15:27:00;AQB-08;CONVERSOR;MPP1 - INSPEÇÃO EXTERNA DE AEROGERADOR - M6;1
AGD;2026-03-10 15:15:00;2026-03-10 15:27:00;AQB-08;GERADOR;MPP1 - INSPEÇÃO EXTERNA DE AEROGERADOR - M6;1
AGD;2026-03-10 15:15:00;2026-03-10 15:27:00;AQB-08;NACELLE;MPP1 - INSPEÇÃO EXTERNA DE AEROGERADOR - M6;1
AGD;2026-03-10 15:15:00;2026-03-10 15:27:00;AQB-08;SISTEMA PITCH;MPP1 - INSPEÇÃO EXTERNA DE AEROGERADOR - M6;1
AGD;2026-03-10 15:15:00;2026-03-10 15:27:00;AQB-08;TORRE WTG;MPP1 - INSPEÇÃO EXTERNA DE AEROGERADOR - M6;1
AGD;2026-03-10 15:35:00;2026-03-10 15:50:00;AQB-07;CONVERSOR;MPP1 - INSPEÇÃO EXTERNA DE AEROGERADOR - M6;1
AGD;2026-03-10 15:35:00;2026-03-10 15:50:00;AQB-07;GERADOR;MPP1 - INSPEÇÃO EXTERNA DE AEROGERADOR - M6;1
AGD;2026-03-10 15:35:00;2026-03-10 15:50:00;AQB-07;NACELLE;MPP1 - INSPEÇÃO EXTERNA DE AEROGERADOR - M6;1
AGD;2026-03-10 15:35:00;2026-03-10 15:50:00;AQB-07;TORRE WTG;MPP1 - INSPEÇÃO EXTERNA DE AEROGERADOR - M6;1
AGD;2026-03-10 15:35:00;2026-03-10 15:51:00;AQB-07;SISTEMA PITCH;MPP1 - INSPEÇÃO EXTERNA DE AEROGERADOR - M6;1
AGD;2026-03-10 16:00:00;2026-03-10 16:16:00;AQB-01;CONVERSOR;MPP1 - INSPEÇÃO EXTERNA DE AEROGERADOR - M6;1
AGD;2026-03-10 16:00:00;2026-03-10 16:18:00;AQB-01;GERADOR;MPP1 - INSPEÇÃO EXTERNA DE AEROGERADOR - M6;1
AGD;2026-03-10 16:00:00;2026-03-10 16:19:00;AQB-01;NACELLE;MPP1 - INSPEÇÃO EXTERNA DE AEROGERADOR - M6;1
AGD;2026-03-10 16:00:00;2026-03-10 16:19:00;AQB-01;SISTEMA PITCH;MPP1 - INSPEÇÃO EXTERNA DE AEROGERADOR - M6;1
AGD;2026-03-10 16:00:00;2026-03-10 16:19:00;AQB-01;TORRE WTG;MPP1 - INSPEÇÃO EXTERNA DE AEROGERADOR - M6;1
AGD;2026-03-10 16:20:00;2026-03-10 16:30:00;AQB-02;CONVERSOR;MPP1 - INSPEÇÃO EXTERNA DE AEROGERADOR - M6;1
AGD;2026-03-10 16:20:00;2026-03-10 16:32:00;AQB-02;GERADOR;MPP1 - INSPEÇÃO EXTERNA DE AEROGERADOR - M6;1
AGD;2026-03-10 16:20:00;2026-03-10 16:32:00;AQB-02;NACELLE;MPP1 - INSPEÇÃO EXTERNA DE AEROGERADOR - M6;1
AGD;2026-03-10 16:20:00;2026-03-10 16:34:00;AQB-02;SISTEMA PITCH;MPP1 - INSPEÇÃO EXTERNA DE AEROGERADOR - M6;1
AGD;2026-03-10 16:20:00;2026-03-10 16:35:00;AQB-02;TORRE WTG;MPP1 - INSPEÇÃO EXTERNA DE AEROGERADOR - M6;1
AGD;2026-03-11 08:40:00;2026-03-11 08:50:00;AQB-20;CONVERSOR;MPP1 - INSPEÇÃO EXTERNA DE AEROGERADOR - M6;1
AGD;2026-03-11 08:40:00;2026-03-11 08:55:00;AQB-20;GERADOR;MPP1 - INSPEÇÃO EXTERNA DE AEROGERADOR - M6;1
AGD;2026-03-11 08:40:00;2026-03-11 08:55:00;AQB-20;NACELLE;MPP1 - INSPEÇÃO EXTERNA DE AEROGERADOR - M6;1
AGD;2026-03-11 08:40:00;2026-03-11 08:55:00;AQB-20;SISTEMA PITCH;MPP1 - INSPEÇÃO EXTERNA DE AEROGERADOR - M6;1
AGD;2026-03-11 08:40:00;2026-03-11 08:55:00;AQB-20;TORRE WTG;MPP1 - INSPEÇÃO EXTERNA DE AEROGERADOR - M6;1
AGD;2026-03-11 09:00:00;2026-03-11 09:20:00;AQB-19;CONVERSOR;MPP1 - INSPEÇÃO EXTERNA DE AEROGERADOR - M6;1
AGD;2026-03-11 09:00:00;2026-03-11 09:20:00;AQB-19;GERADOR;MPP1 - INSPEÇÃO EXTERNA DE AEROGERADOR - M6;1
AGD;2026-03-11 09:00:00;2026-03-11 09:20:00;AQB-19;NACELLE;MPP1 - INSPEÇÃO EXTERNA DE AEROGERADOR - M6;1
AGD;2026-03-11 09:00:00;2026-03-11 09:20:00;AQB-19;SISTEMA PITCH;MPP1 - INSPEÇÃO EXTERNA DE AEROGERADOR - M6;1
AGD;2026-03-11 09:00:00;2026-03-11 09:20:00;AQB-19;TORRE WTG;MPP1 - INSPEÇÃO EXTERNA DE AEROGERADOR - M6;1
AGD;2026-03-11 09:23:00;2026-03-11 09:33:00;AQB-18;CONVERSOR;MPP1 - INSPEÇÃO EXTERNA DE AEROGERADOR - M6;1
AGD;2026-03-11 09:23:00;2026-03-11 09:33:00;AQB-18;GERADOR;MPP1 - INSPEÇÃO EXTERNA DE AEROGERADOR - M6;1
AGD;2026-03-11 09:23:00;2026-03-11 09:33:00;AQB-18;NACELLE;MPP1 - INSPEÇÃO EXTERNA DE AEROGERADOR - M6;1
AGD;2026-03-11 09:23:00;2026-03-11 09:33:00;AQB-18;SISTEMA PITCH;MPP1 - INSPEÇÃO EXTERNA DE AEROGERADOR - M6;1
AGD;2026-03-11 09:23:00;2026-03-11 09:33:00;AQB-18;TORRE WTG;MPP1 - INSPEÇÃO EXTERNA DE AEROGERADOR - M6;1
AGD;2026-03-11 09:40:00;2026-03-11 09:55:00;AQB-17;CONVERSOR;MPP1 - INSPEÇÃO EXTERNA DE AEROGERADOR - M6;1
AGD;2026-03-11 09:40:00;2026-03-11 09:55:00;AQB-17;GERADOR;MPP1 - INSPEÇÃO EXTERNA DE AEROGERADOR - M6;1
AGD;2026-03-11 09:40:00;2026-03-11 09:55:00;AQB-17;NACELLE;MPP1 - INSPEÇÃO EXTERNA DE AEROGERADOR - M6;1
AGD;2026-03-11 09:40:00;2026-03-11 09:55:00;AQB-17;SISTEMA PITCH;MPP1 - INSPEÇÃO EXTERNA DE AEROGERADOR - M6;1
AGD;2026-03-11 09:40:00;2026-03-11 09:55:00;AQB-17;TORRE WTG;MPP1 - INSPEÇÃO EXTERNA DE AEROGERADOR - M6;1
AGD;2026-03-11 10:00:00;2026-03-11 10:20:00;AQB-16;CONVERSOR;MPP1 - INSPEÇÃO EXTERNA DE AEROGERADOR - M6;1
AGD;2026-03-11 10:00:00;2026-03-11 10:20:00;AQB-16;GERADOR;MPP1 - INSPEÇÃO EXTERNA DE AEROGERADOR - M6;1
AGD;2026-03-11 10:00:00;2026-03-11 10:20:00;AQB-16;NACELLE;MPP1 - INSPEÇÃO EXTERNA DE AEROGERADOR - M6;1
AGD;2026-03-11 10:00:00;2026-03-11 10:20:00;AQB-16;SISTEMA PITCH;MPP1 - INSPEÇÃO EXTERNA DE AEROGERADOR - M6;1
AGD;2026-03-11 10:00:00;2026-03-11 10:20:00;AQB-16;TORRE WTG;MPP1 - INSPEÇÃO EXTERNA DE AEROGERADOR - M6;1
AGD;2026-03-11 10:28:00;2026-03-11 10:40:00;AQB-11;CONVERSOR;MPP1 - INSPEÇÃO EXTERNA DE AEROGERADOR - M6;1
AGD;2026-03-11 10:28:00;2026-03-11 10:40:00;AQB-11;GERADOR;MPP1 - INSPEÇÃO EXTERNA DE AEROGERADOR - M6;1
AGD;2026-03-11 10:28:00;2026-03-11 10:40:00;AQB-11;NACELLE;MPP1 - INSPEÇÃO EXTERNA DE AEROGERADOR - M6;1
AGD;2026-03-11 10:28:00;2026-03-11 10:40:00;AQB-11;SISTEMA PITCH;MPP1 - INSPEÇÃO EXTERNA DE AEROGERADOR - M6;1
AGD;2026-03-11 10:28:00;2026-03-11 10:40:00;AQB-11;TORRE WTG;MPP1 - INSPEÇÃO EXTERNA DE AEROGERADOR - M6;1
AGD;2026-03-11 13:05:00;2026-03-11 13:15:00;AQB-10;CONVERSOR;MPP1 - INSPEÇÃO EXTERNA DE AEROGERADOR - M6;1
AGD;2026-03-11 13:05:00;2026-03-11 13:15:00;AQB-10;GERADOR;MPP1 - INSPEÇÃO EXTERNA DE AEROGERADOR - M6;1
AGD;2026-03-11 13:05:00;2026-03-11 13:15:00;AQB-10;NACELLE;MPP1 - INSPEÇÃO EXTERNA DE AEROGERADOR - M6;1
AGD;2026-03-11 13:05:00;2026-03-11 13:15:00;AQB-10;SISTEMA PITCH;MPP1 - INSPEÇÃO EXTERNA DE AEROGERADOR - M6;1
AGD;2026-03-11 13:05:00;2026-03-11 13:15:00;AQB-10;TORRE WTG;MPP1 - INSPEÇÃO EXTERNA DE AEROGERADOR - M6;1
AGD;2026-03-11 13:20:00;2026-03-11 13:30:00;AQB-09;CONVERSOR;MPP1 - INSPEÇÃO EXTERNA DE AEROGERADOR - M6;1
AGD;2026-03-11 13:20:00;2026-03-11 13:30:00;AQB-09;GERADOR;MPP1 - INSPEÇÃO EXTERNA DE AEROGERADOR - M6;1
AGD;2026-03-11 13:20:00;2026-03-11 13:30:00;AQB-09;NACELLE;MPP1 - INSPEÇÃO EXTERNA DE AEROGERADOR - M6;1
AGD;2026-03-11 13:20:00;2026-03-11 13:30:00;AQB-09;SISTEMA PITCH;MPP1 - INSPEÇÃO EXTERNA DE AEROGERADOR - M6;1
AGD;2026-03-11 13:20:00;2026-03-11 13:30:00;AQB-09;TORRE WTG;MPP1 - INSPEÇÃO EXTERNA DE AEROGERADOR - M6;1
AGD;2026-03-12 08:25:00;2026-03-12 08:36:00;AQB-05;CONVERSOR;MPP1 - INSPEÇÃO EXTERNA DE AEROGERADOR - M6;1
AGD;2026-03-12 08:25:00;2026-03-12 08:36:00;AQB-05;GERADOR;MPP1 - INSPEÇÃO EXTERNA DE AEROGERADOR - M6;1
AGD;2026-03-12 08:25:00;2026-03-12 08:36:00;AQB-05;NACELLE;MPP1 - INSPEÇÃO EXTERNA DE AEROGERADOR - M6;1
AGD;2026-03-12 08:25:00;2026-03-12 08:36:00;AQB-05;SISTEMA PITCH;MPP1 - INSPEÇÃO EXTERNA DE AEROGERADOR - M6;1
AGD;2026-03-12 08:25:00;2026-03-12 08:36:00;AQB-05;TORRE WTG;MPP1 - INSPEÇÃO EXTERNA DE AEROGERADOR - M6;1
AGD;2026-03-12 08:40:00;2026-03-12 08:50:00;AQB-04;CONVERSOR;MPP1 - INSPEÇÃO EXTERNA DE AEROGERADOR - M6;1
AGD;2026-03-12 08:40:00;2026-03-12 08:50:00;AQB-04;GERADOR;MPP1 - INSPEÇÃO EXTERNA DE AEROGERADOR - M6;1
AGD;2026-03-12 08:40:00;2026-03-12 08:50:00;AQB-04;NACELLE;MPP1 - INSPEÇÃO EXTERNA DE AEROGERADOR - M6;1
AGD;2026-03-12 08:40:00;2026-03-12 08:50:00;AQB-04;SISTEMA PITCH;MPP1 - INSPEÇÃO EXTERNA DE AEROGERADOR - M6;1
AGD;2026-03-12 08:40:00;2026-03-12 08:50:00;AQB-04;TORRE WTG;MPP1 - INSPEÇÃO EXTERNA DE AEROGERADOR - M6;1
AGD;2026-03-12 08:55:00;2026-03-12 09:05:00;AQB-03;GERADOR;MPP1 - INSPEÇÃO EXTERNA DE AEROGERADOR - M6;1
AGD;2026-03-12 08:55:00;2026-03-12 09:05:00;AQB-03;NACELLE;MPP1 - INSPEÇÃO EXTERNA DE AEROGERADOR - M6;1
AGD;2026-03-12 08:55:00;2026-03-12 09:05:00;AQB-03;SISTEMA PITCH;MPP1 - INSPEÇÃO EXTERNA DE AEROGERADOR - M6;1
AGD;2026-03-12 08:55:00;2026-03-12 09:05:00;AQB-03;TORRE WTG;MPP1 - INSPEÇÃO EXTERNA DE AEROGERADOR - M6;1
AGD;2026-03-12 09:20:00;2026-03-12 09:35:00;AQB-14;CONVERSOR;MPP1 - INSPEÇÃO EXTERNA DE AEROGERADOR - M6;1
AGD;2026-03-12 09:20:00;2026-03-12 09:35:00;AQB-14;GERADOR;MPP1 - INSPEÇÃO EXTERNA DE AEROGERADOR - M6;1
AGD;2026-03-12 09:20:00;2026-03-12 09:35:00;AQB-14;NACELLE;MPP1 - INSPEÇÃO EXTERNA DE AEROGERADOR - M6;1
AGD;2026-03-12 09:20:00;2026-03-12 09:35:00;AQB-14;SISTEMA PITCH;MPP1 - INSPEÇÃO EXTERNA DE AEROGERADOR - M6;1
AGD;2026-03-12 09:20:00;2026-03-12 09:35:00;AQB-14;TORRE WTG;MPP1 - INSPEÇÃO EXTERNA DE AEROGERADOR - M6;1
AGD;2026-03-12 09:40:00;2026-03-12 09:50:00;AQB-12;CONVERSOR;MPP1 - INSPEÇÃO EXTERNA DE AEROGERADOR - M6;1
AGD;2026-03-12 09:40:00;2026-03-12 09:50:00;AQB-12;GERADOR;MPP1 - INSPEÇÃO EXTERNA DE AEROGERADOR - M6;1
AGD;2026-03-12 09:40:00;2026-03-12 09:50:00;AQB-12;NACELLE;MPP1 - INSPEÇÃO EXTERNA DE AEROGERADOR - M6;1
AGD;2026-03-12 09:40:00;2026-03-12 09:50:00;AQB-12;SISTEMA PITCH;MPP1 - INSPEÇÃO EXTERNA DE AEROGERADOR - M6;1
AGD;2026-03-12 09:40:00;2026-03-12 09:50:00;AQB-12;TORRE WTG;MPP1 - INSPEÇÃO EXTERNA DE AEROGERADOR - M6;1
AGD;2026-03-12 10:00:00;2026-03-12 10:15:00;AQB-13;CONVERSOR;MPP1 - INSPEÇÃO EXTERNA DE AEROGERADOR - M6;1
AGD;2026-03-12 10:00:00;2026-03-12 10:15:00;AQB-13;GERADOR;MPP1 - INSPEÇÃO EXTERNA DE AEROGERADOR - M6;1
AGD;2026-03-12 10:00:00;2026-03-12 10:15:00;AQB-13;NACELLE;MPP1 - INSPEÇÃO EXTERNA DE AEROGERADOR - M6;1
AGD;2026-03-12 10:00:00;2026-03-12 10:15:00;AQB-13;SISTEMA PITCH;MPP1 - INSPEÇÃO EXTERNA DE AEROGERADOR - M6;1
AGD;2026-03-12 10:00:00;2026-03-12 10:15:00;AQB-13;TORRE WTG;MPP1 - INSPEÇÃO EXTERNA DE AEROGERADOR - M6;1
AGD;2026-03-12 10:30:00;2026-03-12 10:45:00;AQB-15;CONVERSOR;MPP1 - INSPEÇÃO EXTERNA DE AEROGERADOR - M6;1
AGD;2026-03-12 10:30:00;2026-03-12 10:45:00;AQB-15;GERADOR;MPP1 - INSPEÇÃO EXTERNA DE AEROGERADOR - M6;1
AGD;2026-03-12 10:30:00;2026-03-12 10:45:00;AQB-15;NACELLE;MPP1 - INSPEÇÃO EXTERNA DE AEROGERADOR - M6;1
AGD;2026-03-12 10:30:00;2026-03-12 10:45:00;AQB-15;SISTEMA PITCH;MPP1 - INSPEÇÃO EXTERNA DE AEROGERADOR - M6;1
AGD;2026-03-12 10:30:00;2026-03-12 10:45:00;AQB-15;TORRE WTG;MPP1 - INSPEÇÃO EXTERNA DE AEROGERADOR - M6;1
AGD;2026-03-13 00:00:00;2026-03-13 12:00:00;CBO-02;NACELLE;INSPEÇÃO DE QUALIDADE DE AEROGERADOR;1
AGD;2026-03-13 08:00:00;2026-03-13 12:00:00;CBO-02;AEROGERADOR;APR - PT;1
AGD;2026-03-13 08:00:00;2026-03-13 12:00:00;CBO-02;CONVERSOR;INSPEÇÃO DE QUALIDADE DE AEROGERADOR;1
AGD;2026-03-13 08:00:00;2026-03-13 12:00:00;CBO-02;GERADOR;INSPEÇÃO DE QUALIDADE DE AEROGERADOR;1
AGD;2026-03-13 08:00:00;2026-03-13 12:00:00;CBO-02;SISTEMA PITCH;INSPEÇÃO DE QUALIDADE DE AEROGERADOR;1
AGD;2026-03-13 08:00:00;2026-03-13 12:00:00;CBO-02;TORRE WTG;INSPEÇÃO DE QUALIDADE DE AEROGERADOR;1
AGD;2026-03-16 08:00:00;2026-03-17 16:00:00;CBO-OL;PARQUE EÓLICO;APR - PT;1
AGD;2026-03-16 08:00:00;2026-03-20 16:00:00;CAS-OL;PARQUE EÓLICO;APR - PT;1
AGD;2026-03-16 14:30:00;2026-03-16 14:45:00;CBO-04;CONVERSOR;MPP1 - INSPEÇÃO EXTERNA DE AEROGERADOR - M6;1
AGD;2026-03-16 14:30:00;2026-03-16 14:45:00;CBO-04;GERADOR;MPP1 - INSPEÇÃO EXTERNA DE AEROGERADOR - M6;1
AGD;2026-03-16 14:30:00;2026-03-16 14:45:00;CBO-04;NACELLE;MPP1 - INSPEÇÃO EXTERNA DE AEROGERADOR - M6;1
AGD;2026-03-16 14:30:00;2026-03-16 14:45:00;CBO-04;SISTEMA PITCH;MPP1 - INSPEÇÃO EXTERNA DE AEROGERADOR - M6;1
AGD;2026-03-16 14:30:00;2026-03-16 14:45:00;CBO-04;TORRE WTG;MPP1 - INSPEÇÃO EXTERNA DE AEROGERADOR - M6;1
AGD;2026-03-16 14:47:00;2026-03-16 14:58:00;CBO-07;GERADOR;MPP1 - INSPEÇÃO EXTERNA DE AEROGERADOR - M6;1
AGD;2026-03-16 14:47:00;2026-03-16 14:58:00;CBO-07;NACELLE;MPP1 - INSPEÇÃO EXTERNA DE AEROGERADOR - M6;1
AGD;2026-03-16 14:47:00;2026-03-16 14:59:00;CBO-07;SISTEMA PITCH;MPP1 - INSPEÇÃO EXTERNA DE AEROGERADOR - M6;1
AGD;2026-03-16 14:49:00;2026-03-16 14:57:00;CBO-07;CONVERSOR;MPP1 - INSPEÇÃO EXTERNA DE AEROGERADOR - M6;1
AGD;2026-03-16 14:50:00;2026-03-16 15:00:00;CBO-07;TORRE WTG;MPP1 - INSPEÇÃO EXTERNA DE AEROGERADOR - M6;1
AGD;2026-03-16 15:05:00;2026-03-16 15:15:00;CBO-02;CONVERSOR;MPP1 - INSPEÇÃO EXTERNA DE AEROGERADOR - M6;1
AGD;2026-03-16 15:05:00;2026-03-16 15:15:00;CBO-02;GERADOR;MPP1 - INSPEÇÃO EXTERNA DE AEROGERADOR - M6;1
AGD;2026-03-16 15:05:00;2026-03-16 15:15:00;CBO-02;NACELLE;MPP1 - INSPEÇÃO EXTERNA DE AEROGERADOR - M6;1
AGD;2026-03-16 15:05:00;2026-03-16 15:15:00;CBO-02;SISTEMA PITCH;MPP1 - INSPEÇÃO EXTERNA DE AEROGERADOR - M6;1
AGD;2026-03-16 15:05:00;2026-03-16 15:15:00;CBO-02;TORRE WTG;MPP1 - INSPEÇÃO EXTERNA DE AEROGERADOR - M6;1
AGD;2026-03-17 10:00:00;2026-03-17 10:15:00;CBO-03;CONVERSOR;MPP1 - INSPEÇÃO EXTERNA DE AEROGERADOR - M6;1
AGD;2026-03-17 10:00:00;2026-03-17 10:15:00;CBO-03;GERADOR;MPP1 - INSPEÇÃO EXTERNA DE AEROGERADOR - M6;1
AGD;2026-03-17 10:00:00;2026-03-17 10:15:00;CBO-03;NACELLE;MPP1 - INSPEÇÃO EXTERNA DE AEROGERADOR - M6;1
AGD;2026-03-17 10:00:00;2026-03-17 10:15:00;CBO-03;SISTEMA PITCH;MPP1 - INSPEÇÃO EXTERNA DE AEROGERADOR - M6;1
AGD;2026-03-17 10:00:00;2026-03-17 10:15:00;CBO-03;TORRE WTG;MPP1 - INSPEÇÃO EXTERNA DE AEROGERADOR - M6;1
AGD;2026-03-17 10:40:00;2026-03-17 10:55:00;CBO-06;CONVERSOR;MPP1 - INSPEÇÃO EXTERNA DE AEROGERADOR - M6;1
AGD;2026-03-17 10:40:00;2026-03-17 10:55:00;CBO-06;GERADOR;MPP1 - INSPEÇÃO EXTERNA DE AEROGERADOR - M6;1
AGD;2026-03-17 10:40:00;2026-03-17 10:55:00;CBO-06;NACELLE;MPP1 - INSPEÇÃO EXTERNA DE AEROGERADOR - M6;1
AGD;2026-03-17 10:40:00;2026-03-17 10:55:00;CBO-06;SISTEMA PITCH;MPP1 - INSPEÇÃO EXTERNA DE AEROGERADOR - M6;1
AGD;2026-03-17 10:40:00;2026-03-17 10:55:00;CBO-06;TORRE WTG;MPP1 - INSPEÇÃO EXTERNA DE AEROGERADOR - M6;1
AGD;2026-03-17 14:00:00;2026-03-17 14:15:00;CBO-05;CONVERSOR;MPP1 - INSPEÇÃO EXTERNA DE AEROGERADOR - M6;1
AGD;2026-03-17 14:00:00;2026-03-17 14:15:00;CBO-05;GERADOR;MPP1 - INSPEÇÃO EXTERNA DE AEROGERADOR - M6;1
AGD;2026-03-17 14:00:00;2026-03-17 14:15:00;CBO-05;NACELLE;MPP1 - INSPEÇÃO EXTERNA DE AEROGERADOR - M6;1
AGD;2026-03-17 14:00:00;2026-03-17 14:15:00;CBO-05;SISTEMA PITCH;MPP1 - INSPEÇÃO EXTERNA DE AEROGERADOR - M6;1
AGD;2026-03-17 14:00:00;2026-03-17 14:15:00;CBO-05;TORRE WTG;MPP1 - INSPEÇÃO EXTERNA DE AEROGERADOR - M6;1
AGD;2026-03-17 14:30:00;2026-03-17 14:50:00;CBO-01;CONVERSOR;MPP1 - INSPEÇÃO EXTERNA DE AEROGERADOR - M6;1
AGD;2026-03-17 14:30:00;2026-03-17 14:50:00;CBO-01;GERADOR;MPP1 - INSPEÇÃO EXTERNA DE AEROGERADOR - M6;1
AGD;2026-03-17 14:30:00;2026-03-17 14:50:00;CBO-01;NACELLE;MPP1 - INSPEÇÃO EXTERNA DE AEROGERADOR - M6;1
AGD;2026-03-17 14:30:00;2026-03-17 14:50:00;CBO-01;SISTEMA PITCH;MPP1 - INSPEÇÃO EXTERNA DE AEROGERADOR - M6;1
AGD;2026-03-17 14:30:00;2026-03-17 14:50:00;CBO-01;TORRE WTG;MPP1 - INSPEÇÃO EXTERNA DE AEROGERADOR - M6;1
AGD;2026-03-18 08:00:00;2026-03-18 16:55:00;SAL-04;AEROGERADOR;AVALIAÇÃO DE EQUIPE;1
AGD;2026-03-18 08:00:00;2026-03-18 16:55:00;SAL-04;GERADOR;INSPEÇÃO DE MANUTENÇÃO PREVENTIVA ANUAL;1
AGD;2026-03-18 08:00:00;2026-03-18 16:55:00;SAL-04;NACELLE;INSPEÇÃO DE MANUTENÇÃO PREVENTIVA ANUAL;1
AGD;2026-03-18 08:00:00;2026-03-18 16:55:00;SAL-04;SISTEMA PITCH;INSPEÇÃO DE MANUTENÇÃO PREVENTIVA ANUAL;1
AGD;2026-03-18 08:00:00;2026-03-18 16:55:00;SAL-04;TORRE WTG;INSPEÇÃO DE MANUTENÇÃO PREVENTIVA ANUAL;1
AGD;2026-03-20 08:25:00;2026-03-20 08:38:00;CAS-01;GERADOR;MPP1 - INSPEÇÃO EXTERNA DE AEROGERADOR - M6;1
AGD;2026-03-20 08:25:00;2026-03-20 08:40:00;CAS-01;CONVERSOR;MPP1 - INSPEÇÃO EXTERNA DE AEROGERADOR - M6;1
AGD;2026-03-20 08:25:00;2026-03-20 08:40:00;CAS-01;NACELLE;MPP1 - INSPEÇÃO EXTERNA DE AEROGERADOR - M6;1
AGD;2026-03-20 08:25:00;2026-03-20 08:40:00;CAS-01;SISTEMA PITCH;MPP1 - INSPEÇÃO EXTERNA DE AEROGERADOR - M6;1
AGD;2026-03-20 08:25:00;2026-03-20 08:40:00;CAS-01;TORRE WTG;MPP1 - INSPEÇÃO EXTERNA DE AEROGERADOR - M6;1
AGD;2026-03-20 08:45:00;2026-03-20 09:00:00;CAS-02;CONVERSOR;MPP1 - INSPEÇÃO EXTERNA DE AEROGERADOR - M6;1
AGD;2026-03-20 08:45:00;2026-03-20 09:00:00;CAS-02;GERADOR;MPP1 - INSPEÇÃO EXTERNA DE AEROGERADOR - M6;1
AGD;2026-03-20 08:45:00;2026-03-20 09:00:00;CAS-02;NACELLE;MPP1 - INSPEÇÃO EXTERNA DE AEROGERADOR - M6;1
AGD;2026-03-20 08:45:00;2026-03-20 09:00:00;CAS-02;SISTEMA PITCH;MPP1 - INSPEÇÃO EXTERNA DE AEROGERADOR - M6;1
AGD;2026-03-20 08:45:00;2026-03-20 09:00:00;CAS-02;TORRE WTG;MPP1 - INSPEÇÃO EXTERNA DE AEROGERADOR - M6;1
AGD;2026-03-20 09:05:00;2026-03-20 09:30:00;CAS-03;CONVERSOR;MPP1 - INSPEÇÃO EXTERNA DE AEROGERADOR - M6;1
AGD;2026-03-20 09:05:00;2026-03-20 09:30:00;CAS-03;GERADOR;MPP1 - INSPEÇÃO EXTERNA DE AEROGERADOR - M6;1
AGD;2026-03-20 09:05:00;2026-03-20 09:30:00;CAS-03;NACELLE;MPP1 - INSPEÇÃO EXTERNA DE AEROGERADOR - M6;1
AGD;2026-03-20 09:05:00;2026-03-20 09:30:00;CAS-03;SISTEMA PITCH;MPP1 - INSPEÇÃO EXTERNA DE AEROGERADOR - M6;1
AGD;2026-03-20 09:05:00;2026-03-20 09:30:00;CAS-03;TORRE WTG;MPP1 - INSPEÇÃO EXTERNA DE AEROGERADOR - M6;1
AGD;2026-03-20 09:40:00;2026-03-20 09:55:00;CAS-04;CONVERSOR;MPP1 - INSPEÇÃO EXTERNA DE AEROGERADOR - M6;1
AGD;2026-03-20 09:40:00;2026-03-20 09:55:00;CAS-04;GERADOR;MPP1 - INSPEÇÃO EXTERNA DE AEROGERADOR - M6;1
AGD;2026-03-20 09:40:00;2026-03-20 09:55:00;CAS-04;NACELLE;MPP1 - INSPEÇÃO EXTERNA DE AEROGERADOR - M6;1
AGD;2026-03-20 09:40:00;2026-03-20 09:55:00;CAS-04;SISTEMA PITCH;MPP1 - INSPEÇÃO EXTERNA DE AEROGERADOR - M6;1
AGD;2026-03-20 09:40:00;2026-03-20 09:55:00;CAS-04;TORRE WTG;MPP1 - INSPEÇÃO EXTERNA DE AEROGERADOR - M6;1
AGD;2026-03-23 08:00:00;2026-03-27 16:00:00;CRA-OL;PARQUE EÓLICO;APR - PT;1
AGD;2026-03-23 13:50:00;2026-03-23 14:05:00;CRA-16;CONVERSOR;MPP1 - INSPEÇÃO EXTERNA DE AEROGERADOR - M6;1
AGD;2026-03-23 13:50:00;2026-03-23 14:05:00;CRA-16;GERADOR;MPP1 - INSPEÇÃO EXTERNA DE AEROGERADOR - M6;1
AGD;2026-03-23 13:50:00;2026-03-23 14:05:00;CRA-16;NACELLE;MPP1 - INSPEÇÃO EXTERNA DE AEROGERADOR - M6;1
AGD;2026-03-23 13:50:00;2026-03-23 14:05:00;CRA-16;SISTEMA PITCH;MPP1 - INSPEÇÃO EXTERNA DE AEROGERADOR - M6;1
AGD;2026-03-23 13:50:00;2026-03-23 14:05:00;CRA-16;TORRE WTG;MPP1 - INSPEÇÃO EXTERNA DE AEROGERADOR - M6;1
AGD;2026-03-24 09:30:00;2026-03-24 09:44:00;CRA-15;CONVERSOR;MPP1 - INSPEÇÃO EXTERNA DE AEROGERADOR - M6;1
AGD;2026-03-24 09:30:00;2026-03-24 09:45:00;CRA-15;GERADOR;MPP1 - INSPEÇÃO EXTERNA DE AEROGERADOR - M6;1
AGD;2026-03-24 09:30:00;2026-03-24 09:45:00;CRA-15;NACELLE;MPP1 - INSPEÇÃO EXTERNA DE AEROGERADOR - M6;1
AGD;2026-03-24 09:30:00;2026-03-24 09:45:00;CRA-15;SISTEMA PITCH;MPP1 - INSPEÇÃO EXTERNA DE AEROGERADOR - M6;1
AGD;2026-03-24 09:30:00;2026-03-24 09:45:00;CRA-15;TORRE WTG;MPP1 - INSPEÇÃO EXTERNA DE AEROGERADOR - M6;1
AGD;2026-03-24 09:55:00;2026-03-24 10:10:00;CRA-14;CONVERSOR;MPP1 - INSPEÇÃO EXTERNA DE AEROGERADOR - M6;1
AGD;2026-03-24 09:55:00;2026-03-24 10:10:00;CRA-14;GERADOR;MPP1 - INSPEÇÃO EXTERNA DE AEROGERADOR - M6;1
AGD;2026-03-24 09:55:00;2026-03-24 10:10:00;CRA-14;NACELLE;MPP1 - INSPEÇÃO EXTERNA DE AEROGERADOR - M6;1
AGD;2026-03-24 09:55:00;2026-03-24 10:10:00;CRA-14;SISTEMA PITCH;MPP1 - INSPEÇÃO EXTERNA DE AEROGERADOR - M6;1
AGD;2026-03-24 09:55:00;2026-03-24 10:10:00;CRA-14;TORRE WTG;MPP1 - INSPEÇÃO EXTERNA DE AEROGERADOR - M6;1
AGD;2026-03-24 10:15:00;2026-03-24 10:30:00;CRA-09;CONVERSOR;MPP1 - INSPEÇÃO EXTERNA DE AEROGERADOR - M6;1
AGD;2026-03-24 10:15:00;2026-03-24 10:30:00;CRA-09;GERADOR;MPP1 - INSPEÇÃO EXTERNA DE AEROGERADOR - M6;1
AGD;2026-03-24 10:15:00;2026-03-24 10:30:00;CRA-09;NACELLE;MPP1 - INSPEÇÃO EXTERNA DE AEROGERADOR - M6;1
AGD;2026-03-24 10:15:00;2026-03-24 10:30:00;CRA-09;SISTEMA PITCH;MPP1 - INSPEÇÃO EXTERNA DE AEROGERADOR - M6;1
AGD;2026-03-24 10:15:00;2026-03-24 10:30:00;CRA-09;TORRE WTG;MPP1 - INSPEÇÃO EXTERNA DE AEROGERADOR - M6;1
AGD;2026-03-24 10:35:00;2026-03-24 10:50:00;CRA-13;CONVERSOR;MPP1 - INSPEÇÃO EXTERNA DE AEROGERADOR - M6;1
AGD;2026-03-24 10:35:00;2026-03-24 10:50:00;CRA-13;GERADOR;MPP1 - INSPEÇÃO EXTERNA DE AEROGERADOR - M6;1
AGD;2026-03-24 10:35:00;2026-03-24 10:50:00;CRA-13;NACELLE;MPP1 - INSPEÇÃO EXTERNA DE AEROGERADOR - M6;1
AGD;2026-03-24 10:35:00;2026-03-24 10:50:00;CRA-13;SISTEMA PITCH;MPP1 - INSPEÇÃO EXTERNA DE AEROGERADOR - M6;1
AGD;2026-03-24 10:35:00;2026-03-24 10:50:00;CRA-13;TORRE WTG;MPP1 - INSPEÇÃO EXTERNA DE AEROGERADOR - M6;1
AGD;2026-03-24 13:30:00;2026-03-24 13:46:00;CRA-12;CONVERSOR;MPP1 - INSPEÇÃO EXTERNA DE AEROGERADOR - M6;1
AGD;2026-03-24 13:30:00;2026-03-24 13:46:00;CRA-12;GERADOR;MPP1 - INSPEÇÃO EXTERNA DE AEROGERADOR - M6;1
AGD;2026-03-24 13:30:00;2026-03-24 13:46:00;CRA-12;NACELLE;MPP1 - INSPEÇÃO EXTERNA DE AEROGERADOR - M6;1
AGD;2026-03-24 13:30:00;2026-03-24 13:46:00;CRA-12;SISTEMA PITCH;MPP1 - INSPEÇÃO EXTERNA DE AEROGERADOR - M6;1
AGD;2026-03-24 13:30:00;2026-03-24 13:46:00;CRA-12;TORRE WTG;MPP1 - INSPEÇÃO EXTERNA DE AEROGERADOR - M6;1
AGD;2026-03-24 13:50:00;2026-03-24 14:00:00;CRA-11;CONVERSOR;MPP1 - INSPEÇÃO EXTERNA DE AEROGERADOR - M6;1
AGD;2026-03-24 13:50:00;2026-03-24 14:00:00;CRA-11;GERADOR;MPP1 - INSPEÇÃO EXTERNA DE AEROGERADOR - M6;1
AGD;2026-03-24 13:50:00;2026-03-24 14:00:00;CRA-11;NACELLE;MPP1 - INSPEÇÃO EXTERNA DE AEROGERADOR - M6;1
AGD;2026-03-24 13:50:00;2026-03-24 14:00:00;CRA-11;SISTEMA PITCH;MPP1 - INSPEÇÃO EXTERNA DE AEROGERADOR - M6;1
AGD;2026-03-24 13:50:00;2026-03-24 14:00:00;CRA-11;TORRE WTG;MPP1 - INSPEÇÃO EXTERNA DE AEROGERADOR - M6;1
AGD;2026-03-24 14:05:00;2026-03-24 14:20:00;CRA-10;CONVERSOR;MPP1 - INSPEÇÃO EXTERNA DE AEROGERADOR - M6;1
AGD;2026-03-24 14:10:00;2026-03-24 14:20:00;CRA-10;GERADOR;MPP1 - INSPEÇÃO EXTERNA DE AEROGERADOR - M6;1
AGD;2026-03-24 14:10:00;2026-03-24 14:20:00;CRA-10;NACELLE;MPP1 - INSPEÇÃO EXTERNA DE AEROGERADOR - M6;1
AGD;2026-03-24 14:10:00;2026-03-24 14:20:00;CRA-10;SISTEMA PITCH;MPP1 - INSPEÇÃO EXTERNA DE AEROGERADOR - M6;1
AGD;2026-03-24 14:10:00;2026-03-24 14:25:00;CRA-10;TORRE WTG;MPP1 - INSPEÇÃO EXTERNA DE AEROGERADOR - M6;1
AGD;2026-03-25 08:00:00;2026-03-25 12:00:00;SAL-12;CONVERSOR;INSPEÇÃO DE MANUTENÇÃO PREVENTIVA ANUAL;1
AGD;2026-03-25 15:00:00;2026-03-25 15:20:00;CRA-07;CONVERSOR;MPP1 - INSPEÇÃO EXTERNA DE AEROGERADOR - M6;1
AGD;2026-03-25 15:00:00;2026-03-25 15:20:00;CRA-07;NACELLE;MPP1 - INSPEÇÃO EXTERNA DE AEROGERADOR - M6;1
AGD;2026-03-25 15:00:00;2026-03-25 15:20:00;CRA-07;SISTEMA PITCH;MPP1 - INSPEÇÃO EXTERNA DE AEROGERADOR - M6;1
AGD;2026-03-25 15:00:00;2026-03-25 15:20:00;CRA-07;TORRE WTG;MPP1 - INSPEÇÃO EXTERNA DE AEROGERADOR - M6;1
AGD;2026-03-25 15:00:00;2026-03-25 15:22:00;CRA-07;GERADOR;MPP1 - INSPEÇÃO EXTERNA DE AEROGERADOR - M6;1
AGD;2026-03-25 15:20:00;2026-03-25 15:40:00;CRA-06;SISTEMA PITCH;MPP1 - INSPEÇÃO EXTERNA DE AEROGERADOR - M6;1
AGD;2026-03-25 15:25:00;2026-03-25 15:40:00;CRA-06;CONVERSOR;MPP1 - INSPEÇÃO EXTERNA DE AEROGERADOR - M6;1
AGD;2026-03-25 15:25:00;2026-03-25 15:40:00;CRA-06;GERADOR;MPP1 - INSPEÇÃO EXTERNA DE AEROGERADOR - M6;1
AGD;2026-03-25 15:25:00;2026-03-25 15:40:00;CRA-06;NACELLE;MPP1 - INSPEÇÃO EXTERNA DE AEROGERADOR - M6;1
AGD;2026-03-25 15:25:00;2026-03-25 15:40:00;CRA-06;TORRE WTG;MPP1 - INSPEÇÃO EXTERNA DE AEROGERADOR - M6;1
AGD;2026-03-25 15:45:00;2026-03-25 15:55:00;CRA-05;CONVERSOR;MPP1 - INSPEÇÃO EXTERNA DE AEROGERADOR - M6;1
AGD;2026-03-25 15:45:00;2026-03-25 15:55:00;CRA-05;GERADOR;MPP1 - INSPEÇÃO EXTERNA DE AEROGERADOR - M6;1
AGD;2026-03-25 15:45:00;2026-03-25 15:55:00;CRA-05;NACELLE;MPP1 - INSPEÇÃO EXTERNA DE AEROGERADOR - M6;1
AGD;2026-03-25 15:45:00;2026-03-25 16:00:00;CRA-05;SISTEMA PITCH;MPP1 - INSPEÇÃO EXTERNA DE AEROGERADOR - M6;1
AGD;2026-03-25 15:45:00;2026-03-25 16:00:00;CRA-05;TORRE WTG;MPP1 - INSPEÇÃO EXTERNA DE AEROGERADOR - M6;1
AGD;2026-03-26 09:55:00;2026-03-26 10:10:00;CRA-01;CONVERSOR;MPP1 - INSPEÇÃO EXTERNA DE AEROGERADOR - M6;1
AGD;2026-03-26 09:55:00;2026-03-26 10:10:00;CRA-01;GERADOR;MPP1 - INSPEÇÃO EXTERNA DE AEROGERADOR - M6;1
AGD;2026-03-26 09:55:00;2026-03-26 10:10:00;CRA-01;NACELLE;MPP1 - INSPEÇÃO EXTERNA DE AEROGERADOR - M6;1
AGD;2026-03-26 09:55:00;2026-03-26 10:10:00;CRA-01;SISTEMA PITCH;MPP1 - INSPEÇÃO EXTERNA DE AEROGERADOR - M6;1
AGD;2026-03-26 09:55:00;2026-03-26 10:10:00;CRA-01;TORRE WTG;MPP1 - INSPEÇÃO EXTERNA DE AEROGERADOR - M6;1
AGD;2026-03-26 10:15:00;2026-03-26 10:30:00;CRA-02;CONVERSOR;MPP1 - INSPEÇÃO EXTERNA DE AEROGERADOR - M6;1
AGD;2026-03-26 10:15:00;2026-03-26 10:30:00;CRA-02;GERADOR;MPP1 - INSPEÇÃO EXTERNA DE AEROGERADOR - M6;1
AGD;2026-03-26 10:15:00;2026-03-26 10:30:00;CRA-02;NACELLE;MPP1 - INSPEÇÃO EXTERNA DE AEROGERADOR - M6;1
AGD;2026-03-26 10:15:00;2026-03-26 10:30:00;CRA-02;SISTEMA PITCH;MPP1 - INSPEÇÃO EXTERNA DE AEROGERADOR - M6;1
AGD;2026-03-26 10:15:00;2026-03-26 10:30:00;CRA-02;TORRE WTG;MPP1 - INSPEÇÃO EXTERNA DE AEROGERADOR - M6;1
AGD;2026-03-26 10:35:00;2026-03-26 10:50:00;CRA-03;CONVERSOR;MPP1 - INSPEÇÃO EXTERNA DE AEROGERADOR - M6;1
AGD;2026-03-26 10:35:00;2026-03-26 10:50:00;CRA-03;GERADOR;MPP1 - INSPEÇÃO EXTERNA DE AEROGERADOR - M6;1
AGD;2026-03-26 10:35:00;2026-03-26 10:50:00;CRA-03;NACELLE;MPP1 - INSPEÇÃO EXTERNA DE AEROGERADOR - M6;1
AGD;2026-03-26 10:35:00;2026-03-26 10:50:00;CRA-03;SISTEMA PITCH;MPP1 - INSPEÇÃO EXTERNA DE AEROGERADOR - M6;1
AGD;2026-03-26 10:35:00;2026-03-26 10:50:00;CRA-03;TORRE WTG;MPP1 - INSPEÇÃO EXTERNA DE AEROGERADOR - M6;1
AGD;2026-03-26 13:00:00;2026-03-26 16:00:00;SAL-05;AEROGERADOR;APR - PT;1
AGD;2026-03-26 13:00:00;2026-03-26 16:00:00;SAL-05;CONVERSOR;INSPEÇÃO DE QUALIDADE DE AEROGERADOR;1
AGD;2026-03-26 13:00:00;2026-03-26 16:00:00;SAL-05;GERADOR;INSPEÇÃO DE QUALIDADE DE AEROGERADOR;1
AGD;2026-03-26 13:00:00;2026-03-26 16:00:00;SAL-05;NACELLE;INSPEÇÃO DE QUALIDADE DE AEROGERADOR;1
AGD;2026-03-26 13:00:00;2026-03-26 16:00:00;SAL-05;SISTEMA PITCH;INSPEÇÃO DE QUALIDADE DE AEROGERADOR;1
AGD;2026-03-26 13:00:00;2026-03-26 16:00:00;SAL-05;TORRE WTG;INSPEÇÃO DE QUALIDADE DE AEROGERADOR;1
AGD;2026-03-27 10:20:00;2026-03-27 10:30:00;CRA-20;CONVERSOR;MPP1 - INSPEÇÃO EXTERNA DE AEROGERADOR - M6;1
AGD;2026-03-27 10:20:00;2026-03-27 10:30:00;CRA-20;GERADOR;MPP1 - INSPEÇÃO EXTERNA DE AEROGERADOR - M6;1
AGD;2026-03-27 10:20:00;2026-03-27 10:30:00;CRA-20;NACELLE;MPP1 - INSPEÇÃO EXTERNA DE AEROGERADOR - M6;1
AGD;2026-03-27 10:20:00;2026-03-27 10:30:00;CRA-20;SISTEMA PITCH;MPP1 - INSPEÇÃO EXTERNA DE AEROGERADOR - M6;1
AGD;2026-03-27 10:20:00;2026-03-27 10:30:00;CRA-20;TORRE WTG;MPP1 - INSPEÇÃO EXTERNA DE AEROGERADOR - M6;1
AGD;2026-03-27 10:35:00;2026-03-27 10:45:00;CRA-19;CONVERSOR;MPP1 - INSPEÇÃO EXTERNA DE AEROGERADOR - M6;1
AGD;2026-03-27 10:35:00;2026-03-27 10:45:00;CRA-19;GERADOR;MPP1 - INSPEÇÃO EXTERNA DE AEROGERADOR - M6;1
AGD;2026-03-27 10:35:00;2026-03-27 10:45:00;CRA-19;NACELLE;MPP1 - INSPEÇÃO EXTERNA DE AEROGERADOR - M6;1
AGD;2026-03-27 10:35:00;2026-03-27 10:45:00;CRA-19;SISTEMA PITCH;MPP1 - INSPEÇÃO EXTERNA DE AEROGERADOR - M6;1
AGD;2026-03-27 10:35:00;2026-03-27 10:45:00;CRA-19;TORRE WTG;MPP1 - INSPEÇÃO EXTERNA DE AEROGERADOR - M6;1
AGD;2026-03-27 10:50:00;2026-03-27 11:00:00;CRA-18;CONVERSOR;MPP1 - INSPEÇÃO EXTERNA DE AEROGERADOR - M6;1
AGD;2026-03-27 10:50:00;2026-03-27 11:00:00;CRA-18;GERADOR;MPP1 - INSPEÇÃO EXTERNA DE AEROGERADOR - M6;1
AGD;2026-03-27 10:50:00;2026-03-27 11:00:00;CRA-18;NACELLE;MPP1 - INSPEÇÃO EXTERNA DE AEROGERADOR - M6;1
AGD;2026-03-27 10:50:00;2026-03-27 11:00:00;CRA-18;SISTEMA PITCH;MPP1 - INSPEÇÃO EXTERNA DE AEROGERADOR - M6;1
AGD;2026-03-27 10:50:00;2026-03-27 11:00:00;CRA-18;TORRE WTG;MPP1 - INSPEÇÃO EXTERNA DE AEROGERADOR - M6;1
AGD;2026-03-27 11:05:00;2026-03-27 11:15:00;CRA-17;CONVERSOR;MPP1 - INSPEÇÃO EXTERNA DE AEROGERADOR - M6;1
AGD;2026-03-27 11:05:00;2026-03-27 11:15:00;CRA-17;GERADOR;MPP1 - INSPEÇÃO EXTERNA DE AEROGERADOR - M6;1
AGD;2026-03-27 11:05:00;2026-03-27 11:15:00;CRA-17;NACELLE;MPP1 - INSPEÇÃO EXTERNA DE AEROGERADOR - M6;1
AGD;2026-03-27 11:05:00;2026-03-27 11:15:00;CRA-17;SISTEMA PITCH;MPP1 - INSPEÇÃO EXTERNA DE AEROGERADOR - M6;1
AGD;2026-03-27 11:05:00;2026-03-27 11:15:00;CRA-17;TORRE WTG;MPP1 - INSPEÇÃO EXTERNA DE AEROGERADOR - M6;1
AGD;2026-03-27 11:30:00;2026-03-27 11:40:00;CRA-04;CONVERSOR;MPP1 - INSPEÇÃO EXTERNA DE AEROGERADOR - M6;1
AGD;2026-03-27 11:30:00;2026-03-27 11:40:00;CRA-04;GERADOR;MPP1 - INSPEÇÃO EXTERNA DE AEROGERADOR - M6;1
AGD;2026-03-27 11:30:00;2026-03-27 11:40:00;CRA-04;NACELLE;MPP1 - INSPEÇÃO EXTERNA DE AEROGERADOR - M6;1
AGD;2026-03-27 11:30:00;2026-03-27 11:40:00;CRA-04;SISTEMA PITCH;MPP1 - INSPEÇÃO EXTERNA DE AEROGERADOR - M6;1
AGD;2026-03-27 11:30:00;2026-03-27 11:40:00;CRA-04;TORRE WTG;MPP1 - INSPEÇÃO EXTERNA DE AEROGERADOR - M6;1
AGD;2026-03-27 14:40:00;2026-03-27 14:50:00;CRA-08;CONVERSOR;MPP1 - INSPEÇÃO EXTERNA DE AEROGERADOR - M6;1
AGD;2026-03-27 14:40:00;2026-03-27 14:50:00;CRA-08;GERADOR;MPP1 - INSPEÇÃO EXTERNA DE AEROGERADOR - M6;1
AGD;2026-03-27 14:40:00;2026-03-27 14:50:00;CRA-08;NACELLE;MPP1 - INSPEÇÃO EXTERNA DE AEROGERADOR - M6;1
AGD;2026-03-27 14:40:00;2026-03-27 14:50:00;CRA-08;SISTEMA PITCH;MPP1 - INSPEÇÃO EXTERNA DE AEROGERADOR - M6;1
AGD;2026-03-27 14:40:00;2026-03-27 14:50:00;CRA-08;TORRE WTG;MPP1 - INSPEÇÃO EXTERNA DE AEROGERADOR - M6;1
AGD;2026-03-30 08:00:00;2026-04-08 16:30:00;SAL-OL;PARQUE EÓLICO;APR - PT;1
AGD;2026-03-30 14:00:00;2026-03-30 14:15:00;SAL-16;CONVERSOR;MPP1 - INSPEÇÃO EXTERNA DE AEROGERADOR - M6;1
AGD;2026-03-30 14:00:00;2026-03-30 14:15:00;SAL-16;GERADOR;MPP1 - INSPEÇÃO EXTERNA DE AEROGERADOR - M6;1
AGD;2026-03-30 14:00:00;2026-03-30 14:15:00;SAL-16;NACELLE;MPP1 - INSPEÇÃO EXTERNA DE AEROGERADOR - M6;1
AGD;2026-03-30 14:00:00;2026-03-30 14:15:00;SAL-16;SISTEMA PITCH;MPP1 - INSPEÇÃO EXTERNA DE AEROGERADOR - M6;1
AGD;2026-03-30 14:00:00;2026-03-30 14:15:00;SAL-16;TORRE WTG;MPP1 - INSPEÇÃO EXTERNA DE AEROGERADOR - M6;1
AGD;2026-03-31 09:35:00;2026-03-31 09:50:00;SAL-20;GERADOR;MPP1 - INSPEÇÃO EXTERNA DE AEROGERADOR - M6;1
AGD;2026-03-31 09:35:00;2026-03-31 09:50:00;SAL-20;NACELLE;MPP1 - INSPEÇÃO EXTERNA DE AEROGERADOR - M6;1
AGD;2026-03-31 09:35:00;2026-03-31 09:50:00;SAL-20;SISTEMA PITCH;MPP1 - INSPEÇÃO EXTERNA DE AEROGERADOR - M6;1
AGD;2026-03-31 09:35:00;2026-03-31 09:50:00;SAL-20;TORRE WTG;MPP1 - INSPEÇÃO EXTERNA DE AEROGERADOR - M6;1
AGD;2026-03-31 09:40:00;2026-03-31 09:50:00;SAL-20;CONVERSOR;MPP1 - INSPEÇÃO EXTERNA DE AEROGERADOR - M6;1
AGD;2026-03-31 09:55:00;2026-03-31 10:10:00;SAL-19;CONVERSOR;MPP1 - INSPEÇÃO EXTERNA DE AEROGERADOR - M6;1
AGD;2026-03-31 09:55:00;2026-03-31 10:10:00;SAL-19;GERADOR;MPP1 - INSPEÇÃO EXTERNA DE AEROGERADOR - M6;1
AGD;2026-03-31 09:55:00;2026-03-31 10:10:00;SAL-19;NACELLE;MPP1 - INSPEÇÃO EXTERNA DE AEROGERADOR - M6;1
AGD;2026-03-31 09:55:00;2026-03-31 10:10:00;SAL-19;SISTEMA PITCH;MPP1 - INSPEÇÃO EXTERNA DE AEROGERADOR - M6;1
AGD;2026-03-31 09:55:00;2026-03-31 10:10:00;SAL-19;TORRE WTG;MPP1 - INSPEÇÃO EXTERNA DE AEROGERADOR - M6;1
AGD;2026-03-31 10:15:00;2026-03-31 10:30:00;SAL-18;CONVERSOR;MPP1 - INSPEÇÃO EXTERNA DE AEROGERADOR - M6;1
AGD;2026-03-31 10:15:00;2026-03-31 10:30:00;SAL-18;GERADOR;MPP1 - INSPEÇÃO EXTERNA DE AEROGERADOR - M6;1
AGD;2026-03-31 10:15:00;2026-03-31 10:30:00;SAL-18;NACELLE;MPP1 - INSPEÇÃO EXTERNA DE AEROGERADOR - M6;1
AGD;2026-03-31 10:15:00;2026-03-31 10:30:00;SAL-18;SISTEMA PITCH;MPP1 - INSPEÇÃO EXTERNA DE AEROGERADOR - M6;1
AGD;2026-03-31 10:15:00;2026-03-31 10:30:00;SAL-18;TORRE WTG;MPP1 - INSPEÇÃO EXTERNA DE AEROGERADOR - M6;1
AGD;2026-03-31 10:50:00;2026-03-31 11:05:00;SAL-17;CONVERSOR;MPP1 - INSPEÇÃO EXTERNA DE AEROGERADOR - M6;1
AGD;2026-03-31 10:50:00;2026-03-31 11:05:00;SAL-17;GERADOR;MPP1 - INSPEÇÃO EXTERNA DE AEROGERADOR - M6;1
AGD;2026-03-31 10:50:00;2026-03-31 11:05:00;SAL-17;NACELLE;MPP1 - INSPEÇÃO EXTERNA DE AEROGERADOR - M6;1
AGD;2026-03-31 10:50:00;2026-03-31 11:05:00;SAL-17;SISTEMA PITCH;MPP1 - INSPEÇÃO EXTERNA DE AEROGERADOR - M6;1
AGD;2026-03-31 10:50:00;2026-03-31 11:05:00;SAL-17;TORRE WTG;MPP1 - INSPEÇÃO EXTERNA DE AEROGERADOR - M6;1
AGD;2026-03-31 13:50:00;2026-03-31 14:05:00;SAL-15;CONVERSOR;MPP1 - INSPEÇÃO EXTERNA DE AEROGERADOR - M6;1
AGD;2026-03-31 13:50:00;2026-03-31 14:05:00;SAL-15;GERADOR;MPP1 - INSPEÇÃO EXTERNA DE AEROGERADOR - M6;1
AGD;2026-03-31 13:50:00;2026-03-31 14:05:00;SAL-15;NACELLE;MPP1 - INSPEÇÃO EXTERNA DE AEROGERADOR - M6;1
AGD;2026-03-31 13:50:00;2026-03-31 14:05:00;SAL-15;SISTEMA PITCH;MPP1 - INSPEÇÃO EXTERNA DE AEROGERADOR - M6;1
AGD;2026-03-31 13:50:00;2026-03-31 14:05:00;SAL-15;TORRE WTG;MPP1 - INSPEÇÃO EXTERNA DE AEROGERADOR - M6;1
AGD;2026-03-31 14:05:00;2026-03-31 14:25:00;SAL-14;SISTEMA PITCH;MPP1 - INSPEÇÃO EXTERNA DE AEROGERADOR - M6;1
AGD;2026-03-31 14:05:00;2026-03-31 14:25:00;SAL-14;TORRE WTG;MPP1 - INSPEÇÃO EXTERNA DE AEROGERADOR - M6;1
AGD;2026-03-31 14:10:00;2026-03-31 14:25:00;SAL-14;CONVERSOR;MPP1 - INSPEÇÃO EXTERNA DE AEROGERADOR - M6;1
AGD;2026-03-31 14:10:00;2026-03-31 14:25:00;SAL-14;GERADOR;MPP1 - INSPEÇÃO EXTERNA DE AEROGERADOR - M6;1
AGD;2026-03-31 14:10:00;2026-03-31 14:25:00;SAL-14;NACELLE;MPP1 - INSPEÇÃO EXTERNA DE AEROGERADOR - M6;1
AGD;2026-04-01 08:00:00;2026-04-02 12:00:00;SAL-12;GERADOR;INSPEÇÃO DE MANUTENÇÃO PREVENTIVA ANUAL;1
AGD;2026-04-01 08:00:00;2026-04-02 12:00:00;SAL-12;NACELLE;INSPEÇÃO DE MANUTENÇÃO PREVENTIVA ANUAL;1
AGD;2026-04-01 08:00:00;2026-04-02 12:00:00;SAL-12;SISTEMA PITCH;INSPEÇÃO DE MANUTENÇÃO PREVENTIVA ANUAL;1
AGD;2026-04-01 08:00:00;2026-04-02 12:00:00;SAL-12;TORRE WTG;INSPEÇÃO DE MANUTENÇÃO PREVENTIVA ANUAL;1
AGD;2026-04-02 08:00:00;2026-04-02 12:00:00;SAL-12;AEROGERADOR;AVALIAÇÃO DE EQUIPE;1
AGD;2026-04-06 13:00:00;2026-04-06 16:40:00;SAL-17;CONVERSOR;INSPEÇÃO DE MANUTENÇÃO PREVENTIVA ANUAL;1
AGD;2026-04-07 09:30:00;2026-04-07 09:45:00;SAL-13;CONVERSOR;MPP1 - INSPEÇÃO EXTERNA DE AEROGERADOR - M6;1
AGD;2026-04-07 09:30:00;2026-04-07 09:45:00;SAL-13;GERADOR;MPP1 - INSPEÇÃO EXTERNA DE AEROGERADOR - M6;1
AGD;2026-04-07 09:30:00;2026-04-07 09:45:00;SAL-13;NACELLE;MPP1 - INSPEÇÃO EXTERNA DE AEROGERADOR - M6;1
AGD;2026-04-07 09:30:00;2026-04-07 09:45:00;SAL-13;SISTEMA PITCH;MPP1 - INSPEÇÃO EXTERNA DE AEROGERADOR - M6;1
AGD;2026-04-07 09:30:00;2026-04-07 09:45:00;SAL-13;TORRE WTG;MPP1 - INSPEÇÃO EXTERNA DE AEROGERADOR - M6;1
AGD;2026-04-07 10:00:00;2026-04-07 10:30:00;SAL-12;CONVERSOR;MPP1 - INSPEÇÃO EXTERNA DE AEROGERADOR - M6;1
AGD;2026-04-07 10:00:00;2026-04-07 10:30:00;SAL-12;GERADOR;MPP1 - INSPEÇÃO EXTERNA DE AEROGERADOR - M6;1
AGD;2026-04-07 10:00:00;2026-04-07 10:30:00;SAL-12;NACELLE;MPP1 - INSPEÇÃO EXTERNA DE AEROGERADOR - M6;1
AGD;2026-04-07 10:00:00;2026-04-07 10:30:00;SAL-12;SISTEMA PITCH;MPP1 - INSPEÇÃO EXTERNA DE AEROGERADOR - M6;1
AGD;2026-04-07 10:00:00;2026-04-07 10:30:00;SAL-12;TORRE WTG;MPP1 - INSPEÇÃO EXTERNA DE AEROGERADOR - M6;1
AGD;2026-04-07 10:50:00;2026-04-07 11:00:00;SAL-11;CONVERSOR;MPP1 - INSPEÇÃO EXTERNA DE AEROGERADOR - M6;1
AGD;2026-04-07 10:50:00;2026-04-07 11:00:00;SAL-11;GERADOR;MPP1 - INSPEÇÃO EXTERNA DE AEROGERADOR - M6;1
AGD;2026-04-07 10:50:00;2026-04-07 11:00:00;SAL-11;NACELLE;MPP1 - INSPEÇÃO EXTERNA DE AEROGERADOR - M6;1
AGD;2026-04-07 10:50:00;2026-04-07 11:00:00;SAL-11;SISTEMA PITCH;MPP1 - INSPEÇÃO EXTERNA DE AEROGERADOR - M6;1
AGD;2026-04-07 10:50:00;2026-04-07 11:00:00;SAL-11;TORRE WTG;MPP1 - INSPEÇÃO EXTERNA DE AEROGERADOR - M6;1
AGD;2026-04-07 11:05:00;2026-04-07 11:20:00;SAL-10;CONVERSOR;MPP1 - INSPEÇÃO EXTERNA DE AEROGERADOR - M6;1
AGD;2026-04-07 11:05:00;2026-04-07 11:20:00;SAL-10;GERADOR;MPP1 - INSPEÇÃO EXTERNA DE AEROGERADOR - M6;1
AGD;2026-04-07 11:05:00;2026-04-07 11:20:00;SAL-10;NACELLE;MPP1 - INSPEÇÃO EXTERNA DE AEROGERADOR - M6;1
AGD;2026-04-07 11:05:00;2026-04-07 11:20:00;SAL-10;SISTEMA PITCH;MPP1 - INSPEÇÃO EXTERNA DE AEROGERADOR - M6;1
AGD;2026-04-07 11:05:00;2026-04-07 11:20:00;SAL-10;TORRE WTG;MPP1 - INSPEÇÃO EXTERNA DE AEROGERADOR - M6;1
AGD;2026-04-07 14:45:00;2026-04-07 15:00:00;SAL-07;CONVERSOR;MPP1 - INSPEÇÃO EXTERNA DE AEROGERADOR - M6;1
AGD;2026-04-07 14:45:00;2026-04-07 15:00:00;SAL-07;GERADOR;MPP1 - INSPEÇÃO EXTERNA DE AEROGERADOR - M6;1
AGD;2026-04-07 14:45:00;2026-04-07 15:00:00;SAL-07;NACELLE;MPP1 - INSPEÇÃO EXTERNA DE AEROGERADOR - M6;1
AGD;2026-04-07 14:45:00;2026-04-07 15:00:00;SAL-07;SISTEMA PITCH;MPP1 - INSPEÇÃO EXTERNA DE AEROGERADOR - M6;1
AGD;2026-04-07 14:45:00;2026-04-07 15:00:00;SAL-07;TORRE WTG;MPP1 - INSPEÇÃO EXTERNA DE AEROGERADOR - M6;1
AGD;2026-04-07 15:05:00;2026-04-07 15:20:00;SAL-08;CONVERSOR;MPP1 - INSPEÇÃO EXTERNA DE AEROGERADOR - M6;1
AGD;2026-04-07 15:05:00;2026-04-07 15:20:00;SAL-08;GERADOR;MPP1 - INSPEÇÃO EXTERNA DE AEROGERADOR - M6;1
AGD;2026-04-07 15:05:00;2026-04-07 15:20:00;SAL-08;NACELLE;MPP1 - INSPEÇÃO EXTERNA DE AEROGERADOR - M6;1
AGD;2026-04-07 15:05:00;2026-04-07 15:20:00;SAL-08;SISTEMA PITCH;MPP1 - INSPEÇÃO EXTERNA DE AEROGERADOR - M6;1
AGD;2026-04-07 15:05:00;2026-04-07 15:20:00;SAL-08;TORRE WTG;MPP1 - INSPEÇÃO EXTERNA DE AEROGERADOR - M6;1
AGD;2026-04-07 15:25:00;2026-04-07 15:40:00;SAL-09;CONVERSOR;MPP1 - INSPEÇÃO EXTERNA DE AEROGERADOR - M6;1
AGD;2026-04-07 15:25:00;2026-04-07 15:40:00;SAL-09;GERADOR;MPP1 - INSPEÇÃO EXTERNA DE AEROGERADOR - M6;1
AGD;2026-04-07 15:25:00;2026-04-07 15:40:00;SAL-09;NACELLE;MPP1 - INSPEÇÃO EXTERNA DE AEROGERADOR - M6;1
AGD;2026-04-07 15:25:00;2026-04-07 15:40:00;SAL-09;SISTEMA PITCH;MPP1 - INSPEÇÃO EXTERNA DE AEROGERADOR - M6;1
AGD;2026-04-07 15:25:00;2026-04-07 15:40:00;SAL-09;TORRE WTG;MPP1 - INSPEÇÃO EXTERNA DE AEROGERADOR - M6;1
AGD;2026-04-08 14:00:00;2026-04-08 14:15:00;SAL-06;CONVERSOR;MPP1 - INSPEÇÃO EXTERNA DE AEROGERADOR - M6;1
AGD;2026-04-08 14:00:00;2026-04-08 14:15:00;SAL-06;GERADOR;MPP1 - INSPEÇÃO EXTERNA DE AEROGERADOR - M6;1
AGD;2026-04-08 14:00:00;2026-04-08 14:15:00;SAL-06;NACELLE;MPP1 - INSPEÇÃO EXTERNA DE AEROGERADOR - M6;1
AGD;2026-04-08 14:00:00;2026-04-08 14:15:00;SAL-06;SISTEMA PITCH;MPP1 - INSPEÇÃO EXTERNA DE AEROGERADOR - M6;1
AGD;2026-04-08 14:00:00;2026-04-08 14:15:00;SAL-06;TORRE WTG;MPP1 - INSPEÇÃO EXTERNA DE AEROGERADOR - M6;1
AGD;2026-04-08 14:00:00;2026-04-08 14:30:00;SAL-05;TORRE WTG;MPP1 - INSPEÇÃO EXTERNA DE AEROGERADOR - M6;1
AGD;2026-04-08 14:20:00;2026-04-08 14:30:00;SAL-05;CONVERSOR;MPP1 - INSPEÇÃO EXTERNA DE AEROGERADOR - M6;1
AGD;2026-04-08 14:20:00;2026-04-08 14:30:00;SAL-05;GERADOR;MPP1 - INSPEÇÃO EXTERNA DE AEROGERADOR - M6;1
AGD;2026-04-08 14:20:00;2026-04-08 14:30:00;SAL-05;NACELLE;MPP1 - INSPEÇÃO EXTERNA DE AEROGERADOR - M6;1
AGD;2026-04-08 14:20:00;2026-04-08 14:30:00;SAL-05;SISTEMA PITCH;MPP1 - INSPEÇÃO EXTERNA DE AEROGERADOR - M6;1
AGD;2026-04-08 14:35:00;2026-04-08 14:48:00;SAL-04;CONVERSOR;MPP1 - INSPEÇÃO EXTERNA DE AEROGERADOR - M6;1
AGD;2026-04-08 14:35:00;2026-04-08 14:50:00;SAL-04;GERADOR;MPP1 - INSPEÇÃO EXTERNA DE AEROGERADOR - M6;1
AGD;2026-04-08 14:35:00;2026-04-08 14:50:00;SAL-04;NACELLE;MPP1 - INSPEÇÃO EXTERNA DE AEROGERADOR - M6;1
AGD;2026-04-08 14:35:00;2026-04-08 14:50:00;SAL-04;SISTEMA PITCH;MPP1 - INSPEÇÃO EXTERNA DE AEROGERADOR - M6;1
AGD;2026-04-08 14:35:00;2026-04-08 14:50:00;SAL-04;TORRE WTG;MPP1 - INSPEÇÃO EXTERNA DE AEROGERADOR - M6;1
AGD;2026-04-08 14:55:00;2026-04-08 15:05:00;SAL-03;CONVERSOR;MPP1 - INSPEÇÃO EXTERNA DE AEROGERADOR - M6;1
AGD;2026-04-08 14:55:00;2026-04-08 15:05:00;SAL-03;GERADOR;MPP1 - INSPEÇÃO EXTERNA DE AEROGERADOR - M6;1
AGD;2026-04-08 14:55:00;2026-04-08 15:05:00;SAL-03;NACELLE;MPP1 - INSPEÇÃO EXTERNA DE AEROGERADOR - M6;1
AGD;2026-04-08 14:55:00;2026-04-08 15:05:00;SAL-03;SISTEMA PITCH;MPP1 - INSPEÇÃO EXTERNA DE AEROGERADOR - M6;1
AGD;2026-04-08 14:55:00;2026-04-08 15:05:00;SAL-03;TORRE WTG;MPP1 - INSPEÇÃO EXTERNA DE AEROGERADOR - M6;1
AGD;2026-04-08 15:10:00;2026-04-08 15:20:00;SAL-01;CONVERSOR;MPP1 - INSPEÇÃO EXTERNA DE AEROGERADOR - M6;1
AGD;2026-04-08 15:10:00;2026-04-08 15:20:00;SAL-01;GERADOR;MPP1 - INSPEÇÃO EXTERNA DE AEROGERADOR - M6;1
AGD;2026-04-08 15:10:00;2026-04-08 15:20:00;SAL-01;NACELLE;MPP1 - INSPEÇÃO EXTERNA DE AEROGERADOR - M6;1
AGD;2026-04-08 15:10:00;2026-04-08 15:20:00;SAL-01;SISTEMA PITCH;MPP1 - INSPEÇÃO EXTERNA DE AEROGERADOR - M6;1
AGD;2026-04-08 15:10:00;2026-04-08 15:20:00;SAL-01;TORRE WTG;MPP1 - INSPEÇÃO EXTERNA DE AEROGERADOR - M6;1
AGD;2026-04-08 15:30:00;2026-04-08 15:45:00;SAL-02;CONVERSOR;MPP1 - INSPEÇÃO EXTERNA DE AEROGERADOR - M6;1
AGD;2026-04-08 15:30:00;2026-04-08 15:45:00;SAL-02;GERADOR;MPP1 - INSPEÇÃO EXTERNA DE AEROGERADOR - M6;1
AGD;2026-04-08 15:30:00;2026-04-08 15:45:00;SAL-02;NACELLE;MPP1 - INSPEÇÃO EXTERNA DE AEROGERADOR - M6;1
AGD;2026-04-08 15:30:00;2026-04-08 15:45:00;SAL-02;SISTEMA PITCH;MPP1 - INSPEÇÃO EXTERNA DE AEROGERADOR - M6;1
AGD;2026-04-08 15:30:00;2026-04-08 15:45:00;SAL-02;TORRE WTG;MPP1 - INSPEÇÃO EXTERNA DE AEROGERADOR - M6;1
AGD;2026-04-22 08:00:00;2026-04-22 17:00:00;SAL-17;AEROGERADOR;AVALIAÇÃO DE EQUIPE;1
AGD;2026-04-22 08:00:00;2026-04-22 17:00:00;SAL-17;GERADOR;INSPEÇÃO DE MANUTENÇÃO PREVENTIVA ANUAL;1
AGD;2026-04-22 08:00:00;2026-04-22 17:00:00;SAL-17;NACELLE;INSPEÇÃO DE MANUTENÇÃO PREVENTIVA ANUAL;1
AGD;2026-04-22 08:00:00;2026-04-22 17:00:00;SAL-17;SISTEMA PITCH;INSPEÇÃO DE MANUTENÇÃO PREVENTIVA ANUAL;1
AGD;2026-04-22 08:00:00;2026-04-22 17:00:00;SAL-17;TORRE WTG;INSPEÇÃO DE MANUTENÇÃO PREVENTIVA ANUAL;1
AGD;2026-04-28 08:00:00;2026-04-28 12:00:00;AQB-01;CONVERSOR;INSPEÇÃO DE MANUTENÇÃO PREVENTIVA ANUAL;1
AGD;2026-05-05 08:00:00;2026-05-05 16:55:00;AQB-01;AEROGERADOR;AVALIAÇÃO DE EQUIPE;1
AGD;2026-05-05 08:00:00;2026-05-05 16:55:00;AQB-01;GERADOR;INSPEÇÃO DE MANUTENÇÃO PREVENTIVA ANUAL;1
AGD;2026-05-05 08:00:00;2026-05-05 16:55:00;AQB-01;NACELLE;INSPEÇÃO DE MANUTENÇÃO PREVENTIVA ANUAL;1
AGD;2026-05-05 08:00:00;2026-05-05 16:55:00;AQB-01;SISTEMA PITCH;INSPEÇÃO DE MANUTENÇÃO PREVENTIVA ANUAL;1
AGD;2026-05-05 08:00:00;2026-05-05 16:55:00;AQB-01;TORRE WTG;INSPEÇÃO DE MANUTENÇÃO PREVENTIVA ANUAL;1
AGD;2026-05-19 08:00:00;2026-05-19 16:50:00;AQB-08;GERADOR;INSPEÇÃO DE MANUTENÇÃO PREVENTIVA ANUAL;1
AGD;2026-05-19 08:00:00;2026-05-19 16:50:00;AQB-08;NACELLE;INSPEÇÃO DE MANUTENÇÃO PREVENTIVA ANUAL;1
AGD;2026-05-19 08:00:00;2026-05-19 16:50:00;AQB-08;SISTEMA PITCH;INSPEÇÃO DE MANUTENÇÃO PREVENTIVA ANUAL;1
AGD;2026-05-19 08:00:00;2026-05-19 16:50:00;AQB-08;TORRE WTG;INSPEÇÃO DE MANUTENÇÃO PREVENTIVA ANUAL;1
AGD;2026-05-19 08:00:00;2026-05-20 14:27:00;AQB-08;AEROGERADOR;AVALIAÇÃO DE EQUIPE;1
AGD;2026-05-20 08:00:00;2026-05-20 12:00:00;AQB-08;CONVERSOR;INSPEÇÃO DE MANUTENÇÃO PREVENTIVA ANUAL;1
AGD;2026-05-27 08:00:00;2026-05-27 16:00:00;AQB-10;AEROGERADOR;APR - PT;1
AGD;2026-05-27 08:00:00;2026-05-27 16:00:00;AQB-10;CONVERSOR;INSPEÇÃO DE QUALIDADE DE AEROGERADOR;1
AGD;2026-05-27 08:00:00;2026-05-27 16:00:00;AQB-10;GERADOR;INSPEÇÃO DE QUALIDADE DE AEROGERADOR;1
AGD;2026-05-27 08:00:00;2026-05-27 16:00:00;AQB-10;NACELLE;INSPEÇÃO DE QUALIDADE DE AEROGERADOR;1
AGD;2026-05-27 08:00:00;2026-05-27 16:00:00;AQB-10;SISTEMA PITCH;INSPEÇÃO DE QUALIDADE DE AEROGERADOR;1
AGD;2026-05-27 08:00:00;2026-05-27 16:00:00;AQB-10;TORRE WTG;INSPEÇÃO DE QUALIDADE DE AEROGERADOR;1
AGD;2026-06-09 08:00:00;2026-06-09 12:00:00;AQB-06;AEROGERADOR;APR - PT;1
AGD;2026-06-09 08:00:00;2026-06-09 12:00:00;AQB-06;CONVERSOR;INSPEÇÃO DE QUALIDADE DE AEROGERADOR;1
AGD;2026-06-09 08:00:00;2026-06-09 12:00:00;AQB-06;GERADOR;INSPEÇÃO DE QUALIDADE DE AEROGERADOR;1
AGD;2026-06-09 08:00:00;2026-06-09 12:00:00;AQB-06;NACELLE;INSPEÇÃO DE QUALIDADE DE AEROGERADOR;1
AGD;2026-06-09 08:00:00;2026-06-09 12:00:00;AQB-06;SISTEMA PITCH;INSPEÇÃO DE QUALIDADE DE AEROGERADOR;1
AGD;2026-06-09 08:00:00;2026-06-09 12:00:00;AQB-06;TORRE WTG;INSPEÇÃO DE QUALIDADE DE AEROGERADOR;1
BJS;2026-01-16 08:00:00;2026-01-16 10:40:00;PUL-02;TORRE WTG;INSPEÇÃO DE QUALIDADE DE AEROGERADOR;1
BJS;2026-01-16 08:00:00;2026-01-16 12:17:00;PUL-02;CONVERSOR;INSPEÇÃO DE QUALIDADE DE AEROGERADOR;1
BJS;2026-01-16 08:00:00;2026-01-16 12:32:00;PUL-02;AEROGERADOR;APR - PT;1
BJS;2026-01-16 09:30:00;2026-01-16 11:02:00;PUL-02;GERADOR;INSPEÇÃO DE QUALIDADE DE AEROGERADOR;1
BJS;2026-01-16 10:00:00;2026-01-16 11:07:00;PUL-02;NACELLE;INSPEÇÃO DE QUALIDADE DE AEROGERADOR;1
BJS;2026-01-16 10:00:00;2026-01-16 11:31:00;PUL-02;SISTEMA PITCH;INSPEÇÃO DE QUALIDADE DE AEROGERADOR;1
BJS;2026-01-19 08:00:00;2026-01-22 09:22:00;RDO-02;FERRAMENTAS EQUIPAMENTOS DE ENSAIO E MEDIÇÃO;MPP6 - AUDITORIA DE FERRAMENTAS - M6;1
BJS;2026-01-19 08:00:00;2026-01-22 09:23:00;RDO-04;FERRAMENTAS EQUIPAMENTOS DE ENSAIO E MEDIÇÃO;MPP6 - AUDITORIA DE FERRAMENTAS - M6;1
BJS;2026-01-19 08:00:00;2026-01-22 09:24:00;RDO-05;FERRAMENTAS EQUIPAMENTOS DE ENSAIO E MEDIÇÃO;MPP6 - AUDITORIA DE FERRAMENTAS - M6;1
BJS;2026-01-19 08:00:00;2026-01-22 09:25:00;RDO-08;FERRAMENTAS EQUIPAMENTOS DE ENSAIO E MEDIÇÃO;MPP6 - AUDITORIA DE FERRAMENTAS - M6;1
BJS;2026-01-19 08:00:00;2026-01-22 13:45:00;RDO-18;FERRAMENTAS EQUIPAMENTOS DE ENSAIO E MEDIÇÃO;MPP6 - AUDITORIA DE FERRAMENTAS - M6;1
BJS;2026-01-19 08:00:00;2026-01-22 13:46:00;RDO-15;FERRAMENTAS EQUIPAMENTOS DE ENSAIO E MEDIÇÃO;MPP6 - AUDITORIA DE FERRAMENTAS - M6;1
BJS;2026-01-19 08:00:00;2026-01-22 13:58:00;RDO-08;FERRAMENTAS EQUIPAMENTOS DE ENSAIO E MEDIÇÃO;MPP6 - AUDITORIA DE FERRAMENTAS - M6;1
BJS;2026-01-19 08:00:00;2026-01-22 14:04:00;RDO-87;FERRAMENTAS EQUIPAMENTOS DE ENSAIO E MEDIÇÃO;MPP6 - AUDITORIA DE FERRAMENTAS - M6;1
BJS;2026-01-19 08:00:00;2026-01-22 14:10:00;RDO-24;FERRAMENTAS EQUIPAMENTOS DE ENSAIO E MEDIÇÃO;MPP6 - AUDITORIA DE FERRAMENTAS - M6;1
BJS;2026-01-19 08:00:00;2026-01-22 14:11:00;RDO-91;FERRAMENTAS EQUIPAMENTOS DE ENSAIO E MEDIÇÃO;MPP6 - AUDITORIA DE FERRAMENTAS - M6;1
BJS;2026-01-19 08:00:00;2026-01-22 14:22:00;RDO-84;FERRAMENTAS EQUIPAMENTOS DE ENSAIO E MEDIÇÃO;MPP6 - AUDITORIA DE FERRAMENTAS - M6;1
BJS;2026-01-19 08:00:00;2026-01-22 14:35:00;RDO-38;FERRAMENTAS EQUIPAMENTOS DE ENSAIO E MEDIÇÃO;MPP6 - AUDITORIA DE FERRAMENTAS - M6;1
BJS;2026-01-19 08:00:00;2026-01-23 13:16:00;RDO-10;FERRAMENTAS EQUIPAMENTOS DE ENSAIO E MEDIÇÃO;MPP6 - AUDITORIA DE FERRAMENTAS - M6;1
BJS;2026-01-19 08:00:00;2026-01-23 13:17:00;RDO-06;FERRAMENTAS EQUIPAMENTOS DE ENSAIO E MEDIÇÃO;MPP6 - AUDITORIA DE FERRAMENTAS - M6;1
BJS;2026-01-19 08:00:00;2026-01-23 13:23:00;RDO-80;FERRAMENTAS EQUIPAMENTOS DE ENSAIO E MEDIÇÃO;MPP6 - AUDITORIA DE FERRAMENTAS - M6;1
BJS;2026-01-19 08:00:00;2026-01-23 13:34:00;RDO-55;FERRAMENTAS EQUIPAMENTOS DE ENSAIO E MEDIÇÃO;MPP6 - AUDITORIA DE FERRAMENTAS - M6;1
BJS;2026-01-19 08:00:00;2026-01-23 14:14:00;RDO-50;FERRAMENTAS EQUIPAMENTOS DE ENSAIO E MEDIÇÃO;MPP6 - AUDITORIA DE FERRAMENTAS - M6;1
BJS;2026-01-19 08:00:00;2026-01-23 15:05:00;RDO-10;FERRAMENTAS EQUIPAMENTOS DE ENSAIO E MEDIÇÃO;MPP6 - AUDITORIA DE FERRAMENTAS - M6;1
BJS;2026-01-19 08:00:00;2026-01-23 15:07:00;RDO-56;FERRAMENTAS EQUIPAMENTOS DE ENSAIO E MEDIÇÃO;MPP6 - AUDITORIA DE FERRAMENTAS - M6;1
BJS;2026-01-19 08:00:00;2026-01-23 15:08:00;RDO-24;FERRAMENTAS EQUIPAMENTOS DE ENSAIO E MEDIÇÃO;MPP6 - AUDITORIA DE FERRAMENTAS - M6;1
BJS;2026-01-19 08:00:00;2026-01-23 15:09:00;RDO-78;FERRAMENTAS EQUIPAMENTOS DE ENSAIO E MEDIÇÃO;MPP6 - AUDITORIA DE FERRAMENTAS - M6;1
BJS;2026-01-20 08:00:00;2026-01-20 10:22:00;RDO-15;FERRAMENTAS EQUIPAMENTOS DE ENSAIO E MEDIÇÃO;MPP6 - AUDITORIA DE FERRAMENTAS - M6;1
BJS;2026-01-20 08:00:00;2026-01-20 10:32:00;RDO-33;FERRAMENTAS EQUIPAMENTOS DE ENSAIO E MEDIÇÃO;MPP6 - AUDITORIA DE FERRAMENTAS - M6;1
BJS;2026-01-20 08:00:00;2026-01-20 10:46:00;RDO-WS;FERRAMENTAS EQUIPAMENTOS DE ENSAIO E MEDIÇÃO;MPP6 - AUDITORIA DE FERRAMENTAS - M6;1
BJS;2026-01-20 08:00:00;2026-01-20 10:47:00;RDO-WS;FERRAMENTAS EQUIPAMENTOS DE ENSAIO E MEDIÇÃO;MPP6 - AUDITORIA DE FERRAMENTAS - M6;1
BJS;2026-01-20 08:00:00;2026-01-20 10:51:00;RDO-74;FERRAMENTAS EQUIPAMENTOS DE ENSAIO E MEDIÇÃO;MPP6 - AUDITORIA DE FERRAMENTAS - M6;1
BJS;2026-01-20 08:00:00;2026-01-20 10:52:00;RDO-03;FERRAMENTAS EQUIPAMENTOS DE ENSAIO E MEDIÇÃO;MPP6 - AUDITORIA DE FERRAMENTAS - M6;1
BJS;2026-01-20 08:00:00;2026-01-20 11:00:00;RDO-74;FERRAMENTAS EQUIPAMENTOS DE ENSAIO E MEDIÇÃO;MPP6 - AUDITORIA DE FERRAMENTAS - M6;1
BJS;2026-01-20 08:00:00;2026-01-20 11:01:00;RDO-03;FERRAMENTAS EQUIPAMENTOS DE ENSAIO E MEDIÇÃO;MPP6 - AUDITORIA DE FERRAMENTAS - M6;1
BJS;2026-01-20 08:00:00;2026-01-20 11:02:00;RDO-53;FERRAMENTAS EQUIPAMENTOS DE ENSAIO E MEDIÇÃO;MPP6 - AUDITORIA DE FERRAMENTAS - M6;1
BJS;2026-01-20 08:00:00;2026-01-20 11:05:00;RDO- K;FERRAMENTAS EQUIPAMENTOS DE ENSAIO E MEDIÇÃO;MPP6 - AUDITORIA DE FERRAMENTAS - M6;1
BJS;2026-01-20 08:00:00;2026-01-20 11:08:00;RDO-09;FERRAMENTAS EQUIPAMENTOS DE ENSAIO E MEDIÇÃO;MPP6 - AUDITORIA DE FERRAMENTAS - M6;1
BJS;2026-01-20 08:00:00;2026-01-20 11:10:00;RDO-14;FERRAMENTAS EQUIPAMENTOS DE ENSAIO E MEDIÇÃO;MPP6 - AUDITORIA DE FERRAMENTAS - M6;1
BJS;2026-01-20 08:00:00;2026-01-20 11:13:00;RDO-12;FERRAMENTAS EQUIPAMENTOS DE ENSAIO E MEDIÇÃO;MPP6 - AUDITORIA DE FERRAMENTAS - M6;1
BJS;2026-01-20 08:00:00;2026-01-20 11:14:00;RDO-MV;FERRAMENTAS EQUIPAMENTOS DE ENSAIO E MEDIÇÃO;MPP6 - AUDITORIA DE FERRAMENTAS - M6;1
BJS;2026-01-20 08:00:00;2026-01-20 11:16:00;RDO-26;FERRAMENTAS EQUIPAMENTOS DE ENSAIO E MEDIÇÃO;MPP6 - AUDITORIA DE FERRAMENTAS - M6;1
BJS;2026-01-20 08:00:00;2026-01-20 11:22:00;RDO-21;FERRAMENTAS EQUIPAMENTOS DE ENSAIO E MEDIÇÃO;MPP6 - AUDITORIA DE FERRAMENTAS - M6;1
BJS;2026-01-20 08:00:00;2026-01-20 11:23:00;RDO-85;FERRAMENTAS EQUIPAMENTOS DE ENSAIO E MEDIÇÃO;MPP6 - AUDITORIA DE FERRAMENTAS - M6;1
BJS;2026-01-20 08:00:00;2026-01-20 11:24:00;RDO-00;FERRAMENTAS EQUIPAMENTOS DE ENSAIO E MEDIÇÃO;MPP6 - AUDITORIA DE FERRAMENTAS - M6;1
BJS;2026-01-20 08:00:00;2026-01-20 11:28:00;RDO-MV;FERRAMENTAS EQUIPAMENTOS DE ENSAIO E MEDIÇÃO;MPP6 - AUDITORIA DE FERRAMENTAS - M6;1
BJS;2026-01-20 08:00:00;2026-01-20 11:29:00;RDO-29;FERRAMENTAS EQUIPAMENTOS DE ENSAIO E MEDIÇÃO;MPP6 - AUDITORIA DE FERRAMENTAS - M6;1
BJS;2026-01-20 08:00:00;2026-01-20 11:31:00;RDO-43;FERRAMENTAS EQUIPAMENTOS DE ENSAIO E MEDIÇÃO;MPP6 - AUDITORIA DE FERRAMENTAS - M6;1
BJS;2026-01-20 08:00:00;2026-01-20 11:36:00;RDO-38;FERRAMENTAS EQUIPAMENTOS DE ENSAIO E MEDIÇÃO;MPP6 - AUDITORIA DE FERRAMENTAS - M6;1
BJS;2026-01-20 08:00:00;2026-01-20 11:47:00;RDO-78;FERRAMENTAS EQUIPAMENTOS DE ENSAIO E MEDIÇÃO;MPP6 - AUDITORIA DE FERRAMENTAS - M6;1
BJS;2026-01-20 08:00:00;2026-01-20 13:29:00;RDO-23;FERRAMENTAS EQUIPAMENTOS DE ENSAIO E MEDIÇÃO;MPP6 - AUDITORIA DE FERRAMENTAS - M6;1
BJS;2026-01-20 08:00:00;2026-01-20 13:30:00;RDO-MV;FERRAMENTAS EQUIPAMENTOS DE ENSAIO E MEDIÇÃO;MPP6 - AUDITORIA DE FERRAMENTAS - M6;1
BJS;2026-01-20 08:00:00;2026-01-20 13:32:00;RDO-66;FERRAMENTAS EQUIPAMENTOS DE ENSAIO E MEDIÇÃO;MPP6 - AUDITORIA DE FERRAMENTAS - M6;1
BJS;2026-01-20 08:00:00;2026-01-20 13:34:00;RDO-69;FERRAMENTAS EQUIPAMENTOS DE ENSAIO E MEDIÇÃO;MPP6 - AUDITORIA DE FERRAMENTAS - M6;1
BJS;2026-01-20 08:00:00;2026-01-20 13:35:00;RDO-MV;FERRAMENTAS EQUIPAMENTOS DE ENSAIO E MEDIÇÃO;MPP6 - AUDITORIA DE FERRAMENTAS - M6;1
BJS;2026-01-20 08:00:00;2026-01-20 13:36:00;RDO-17;FERRAMENTAS EQUIPAMENTOS DE ENSAIO E MEDIÇÃO;MPP6 - AUDITORIA DE FERRAMENTAS - M6;1
BJS;2026-01-20 08:00:00;2026-01-20 13:39:00;RDO-41;FERRAMENTAS EQUIPAMENTOS DE ENSAIO E MEDIÇÃO;MPP6 - AUDITORIA DE FERRAMENTAS - M6;1
BJS;2026-01-20 08:00:00;2026-01-20 13:40:00;RDO-18;FERRAMENTAS EQUIPAMENTOS DE ENSAIO E MEDIÇÃO;MPP6 - AUDITORIA DE FERRAMENTAS - M6;1
BJS;2026-01-20 08:00:00;2026-01-20 13:41:00;RDO-00;FERRAMENTAS EQUIPAMENTOS DE ENSAIO E MEDIÇÃO;MPP6 - AUDITORIA DE FERRAMENTAS - M6;1
BJS;2026-01-20 08:00:00;2026-01-20 13:43:00;RDO-48;FERRAMENTAS EQUIPAMENTOS DE ENSAIO E MEDIÇÃO;MPP6 - AUDITORIA DE FERRAMENTAS - M6;1
BJS;2026-01-20 08:00:00;2026-01-20 13:44:00;RDO-65;FERRAMENTAS EQUIPAMENTOS DE ENSAIO E MEDIÇÃO;MPP6 - AUDITORIA DE FERRAMENTAS - M6;1
BJS;2026-01-20 08:00:00;2026-01-20 13:45:00;RDO-53;FERRAMENTAS EQUIPAMENTOS DE ENSAIO E MEDIÇÃO;MPP6 - AUDITORIA DE FERRAMENTAS - M6;1
BJS;2026-01-20 08:00:00;2026-01-20 13:48:00;RDO-90;FERRAMENTAS EQUIPAMENTOS DE ENSAIO E MEDIÇÃO;MPP6 - AUDITORIA DE FERRAMENTAS - M6;1
BJS;2026-01-20 08:00:00;2026-01-20 13:52:00;RDO-82;FERRAMENTAS EQUIPAMENTOS DE ENSAIO E MEDIÇÃO;MPP6 - AUDITORIA DE FERRAMENTAS - M6;1
BJS;2026-01-20 08:00:00;2026-01-20 13:53:00;RDO-60;FERRAMENTAS EQUIPAMENTOS DE ENSAIO E MEDIÇÃO;MPP6 - AUDITORIA DE FERRAMENTAS - M6;1
BJS;2026-01-20 08:00:00;2026-01-20 13:53:00;RDO-79;FERRAMENTAS EQUIPAMENTOS DE ENSAIO E MEDIÇÃO;MPP6 - AUDITORIA DE FERRAMENTAS - M6;1
BJS;2026-01-20 08:00:00;2026-01-20 13:54:00;RDO-73;FERRAMENTAS EQUIPAMENTOS DE ENSAIO E MEDIÇÃO;MPP6 - AUDITORIA DE FERRAMENTAS - M6;1
BJS;2026-01-20 08:00:00;2026-01-20 15:31:00;RDO-77;FERRAMENTAS EQUIPAMENTOS DE ENSAIO E MEDIÇÃO;MPP6 - AUDITORIA DE FERRAMENTAS - M6;1
BJS;2026-01-20 08:00:00;2026-01-20 15:33:00;RDO-36;FERRAMENTAS EQUIPAMENTOS DE ENSAIO E MEDIÇÃO;MPP6 - AUDITORIA DE FERRAMENTAS - M6;1
BJS;2026-01-20 08:00:00;2026-01-20 15:35:00;RDO-86;FERRAMENTAS EQUIPAMENTOS DE ENSAIO E MEDIÇÃO;MPP6 - AUDITORIA DE FERRAMENTAS - M6;1
BJS;2026-01-20 08:00:00;2026-01-20 15:36:00;RDO-38;FERRAMENTAS EQUIPAMENTOS DE ENSAIO E MEDIÇÃO;MPP6 - AUDITORIA DE FERRAMENTAS - M6;1
BJS;2026-01-20 08:00:00;2026-01-20 15:40:00;RDO-22;FERRAMENTAS EQUIPAMENTOS DE ENSAIO E MEDIÇÃO;MPP6 - AUDITORIA DE FERRAMENTAS - M6;1
BJS;2026-01-20 08:00:00;2026-01-20 15:44:00;RDO-11;FERRAMENTAS EQUIPAMENTOS DE ENSAIO E MEDIÇÃO;MPP6 - AUDITORIA DE FERRAMENTAS - M6;1
BJS;2026-01-26 08:00:00;2026-01-26 11:00:00;RDO-20;SISTEMA PITCH;MPP1 - INSPEÇÃO EXTERNA DE AEROGERADOR - M6;1
BJS;2026-01-26 08:00:00;2026-01-26 11:02:00;RDO-20;NACELLE;MPP1 - INSPEÇÃO EXTERNA DE AEROGERADOR - M6;1
BJS;2026-01-26 08:00:00;2026-01-26 11:04:00;RDO-20;GERADOR;MPP1 - INSPEÇÃO EXTERNA DE AEROGERADOR - M6;1
BJS;2026-01-26 08:00:00;2026-01-26 11:07:00;RDO-20;TORRE WTG;MPP1 - INSPEÇÃO EXTERNA DE AEROGERADOR - M6;1
BJS;2026-01-26 08:00:00;2026-01-26 11:10:00;RDO-20;CONVERSOR;MPP1 - INSPEÇÃO EXTERNA DE AEROGERADOR - M6;1
BJS;2026-01-26 08:00:00;2026-01-26 11:22:00;RDO-19;SISTEMA PITCH;MPP1 - INSPEÇÃO EXTERNA DE AEROGERADOR - M6;1
BJS;2026-01-26 08:00:00;2026-01-26 11:24:00;RDO-19;NACELLE;MPP1 - INSPEÇÃO EXTERNA DE AEROGERADOR - M6;1
BJS;2026-01-26 08:00:00;2026-01-26 11:25:00;RDO-19;GERADOR;MPP1 - INSPEÇÃO EXTERNA DE AEROGERADOR - M6;1
BJS;2026-01-26 08:00:00;2026-01-26 11:26:00;RDO-19;CONVERSOR;MPP1 - INSPEÇÃO EXTERNA DE AEROGERADOR - M6;1
BJS;2026-01-26 08:00:00;2026-01-26 11:30:00;RDO-19;TORRE WTG;MPP1 - INSPEÇÃO EXTERNA DE AEROGERADOR - M6;1
BJS;2026-01-26 08:00:00;2026-01-26 11:34:00;RDO-18;SISTEMA PITCH;MPP1 - INSPEÇÃO EXTERNA DE AEROGERADOR - M6;1
BJS;2026-01-26 08:00:00;2026-01-26 11:35:00;RDO-18;NACELLE;MPP1 - INSPEÇÃO EXTERNA DE AEROGERADOR - M6;1
BJS;2026-01-26 08:00:00;2026-01-26 11:36:00;RDO-18;GERADOR;MPP1 - INSPEÇÃO EXTERNA DE AEROGERADOR - M6;1
BJS;2026-01-26 08:00:00;2026-01-26 11:38:00;RDO-18;CONVERSOR;MPP1 - INSPEÇÃO EXTERNA DE AEROGERADOR - M6;1
BJS;2026-01-26 08:00:00;2026-01-26 11:39:00;RDO-18;TORRE WTG;MPP1 - INSPEÇÃO EXTERNA DE AEROGERADOR - M6;1
BJS;2026-01-26 08:00:00;2026-01-26 13:41:00;RDO-01;TORRE WTG;MPP1 - INSPEÇÃO EXTERNA DE AEROGERADOR - M6;1
BJS;2026-01-26 08:00:00;2026-01-26 13:43:00;RDO-01;SISTEMA PITCH;MPP1 - INSPEÇÃO EXTERNA DE AEROGERADOR - M6;1
BJS;2026-01-26 08:00:00;2026-01-26 13:44:00;RDO-01;CONVERSOR;MPP1 - INSPEÇÃO EXTERNA DE AEROGERADOR - M6;1
BJS;2026-01-26 08:00:00;2026-01-26 13:45:00;RDO-01;GERADOR;MPP1 - INSPEÇÃO EXTERNA DE AEROGERADOR - M6;1
BJS;2026-01-26 08:00:00;2026-01-26 13:46:00;RDO-01;NACELLE;MPP1 - INSPEÇÃO EXTERNA DE AEROGERADOR - M6;1
BJS;2026-01-26 08:00:00;2026-01-26 13:51:00;RDO-02;SISTEMA PITCH;MPP1 - INSPEÇÃO EXTERNA DE AEROGERADOR - M6;1
BJS;2026-01-26 08:00:00;2026-01-26 13:53:00;RDO-02;TORRE WTG;MPP1 - INSPEÇÃO EXTERNA DE AEROGERADOR - M6;1
BJS;2026-01-26 08:00:00;2026-01-26 13:54:00;RDO-02;GERADOR;MPP1 - INSPEÇÃO EXTERNA DE AEROGERADOR - M6;1
BJS;2026-01-26 08:00:00;2026-01-26 13:56:00;RDO-02;NACELLE;MPP1 - INSPEÇÃO EXTERNA DE AEROGERADOR - M6;1
BJS;2026-01-26 08:00:00;2026-01-26 13:57:00;RDO-02;CONVERSOR;MPP1 - INSPEÇÃO EXTERNA DE AEROGERADOR - M6;1
BJS;2026-01-26 08:00:00;2026-01-26 14:03:00;RDO-03;SISTEMA PITCH;MPP1 - INSPEÇÃO EXTERNA DE AEROGERADOR - M6;1
BJS;2026-01-26 08:00:00;2026-01-26 14:04:00;RDO-03;TORRE WTG;MPP1 - INSPEÇÃO EXTERNA DE AEROGERADOR - M6;1
BJS;2026-01-26 08:00:00;2026-01-26 14:05:00;RDO-03;CONVERSOR;MPP1 - INSPEÇÃO EXTERNA DE AEROGERADOR - M6;1
BJS;2026-01-26 08:00:00;2026-01-26 14:06:00;RDO-03;GERADOR;MPP1 - INSPEÇÃO EXTERNA DE AEROGERADOR - M6;1
BJS;2026-01-26 08:00:00;2026-01-26 14:07:00;RDO-03;NACELLE;MPP1 - INSPEÇÃO EXTERNA DE AEROGERADOR - M6;1
BJS;2026-01-26 08:00:00;2026-01-26 14:13:00;RDO-04;SISTEMA PITCH;MPP1 - INSPEÇÃO EXTERNA DE AEROGERADOR - M6;1
BJS;2026-01-26 08:00:00;2026-01-26 14:15:00;RDO-04;TORRE WTG;MPP1 - INSPEÇÃO EXTERNA DE AEROGERADOR - M6;1
BJS;2026-01-26 08:00:00;2026-01-26 14:16:00;RDO-04;CONVERSOR;MPP1 - INSPEÇÃO EXTERNA DE AEROGERADOR - M6;1
BJS;2026-01-26 08:00:00;2026-01-26 14:17:00;RDO-04;GERADOR;MPP1 - INSPEÇÃO EXTERNA DE AEROGERADOR - M6;1
BJS;2026-01-26 08:00:00;2026-01-26 14:18:00;RDO-04;NACELLE;MPP1 - INSPEÇÃO EXTERNA DE AEROGERADOR - M6;1
BJS;2026-01-26 08:00:00;2026-01-26 14:26:00;RDO-05;SISTEMA PITCH;MPP1 - INSPEÇÃO EXTERNA DE AEROGERADOR - M6;1
BJS;2026-01-26 08:00:00;2026-01-26 14:27:00;RDO-05;TORRE WTG;MPP1 - INSPEÇÃO EXTERNA DE AEROGERADOR - M6;1
BJS;2026-01-26 08:00:00;2026-01-26 14:30:00;RDO-05;CONVERSOR;MPP1 - INSPEÇÃO EXTERNA DE AEROGERADOR - M6;1
BJS;2026-01-26 08:00:00;2026-01-26 14:32:00;RDO-05;GERADOR;MPP1 - INSPEÇÃO EXTERNA DE AEROGERADOR - M6;1
BJS;2026-01-26 08:00:00;2026-01-26 14:35:00;RDO-05;NACELLE;MPP1 - INSPEÇÃO EXTERNA DE AEROGERADOR - M6;1
BJS;2026-01-26 08:00:00;2026-01-26 14:42:00;RDO-06;SISTEMA PITCH;MPP1 - INSPEÇÃO EXTERNA DE AEROGERADOR - M6;1
BJS;2026-01-26 08:00:00;2026-01-26 14:46:00;RDO-06;TORRE WTG;MPP1 - INSPEÇÃO EXTERNA DE AEROGERADOR - M6;1
BJS;2026-01-26 08:00:00;2026-01-26 14:49:00;RDO-06;CONVERSOR;MPP1 - INSPEÇÃO EXTERNA DE AEROGERADOR - M6;1
BJS;2026-01-26 08:00:00;2026-01-26 14:50:00;RDO-06;GERADOR;MPP1 - INSPEÇÃO EXTERNA DE AEROGERADOR - M6;1
BJS;2026-01-26 08:00:00;2026-01-26 14:52:00;RDO-06;NACELLE;MPP1 - INSPEÇÃO EXTERNA DE AEROGERADOR - M6;1
BJS;2026-01-26 08:00:00;2026-01-26 14:59:00;RDO-07;SISTEMA PITCH;MPP1 - INSPEÇÃO EXTERNA DE AEROGERADOR - M6;1
BJS;2026-01-26 08:00:00;2026-01-26 15:00:00;RDO-07;TORRE WTG;MPP1 - INSPEÇÃO EXTERNA DE AEROGERADOR - M6;1
BJS;2026-01-26 08:00:00;2026-01-26 15:01:00;RDO-07;CONVERSOR;MPP1 - INSPEÇÃO EXTERNA DE AEROGERADOR - M6;1
BJS;2026-01-26 08:00:00;2026-01-26 15:02:00;RDO-07;GERADOR;MPP1 - INSPEÇÃO EXTERNA DE AEROGERADOR - M6;1
BJS;2026-01-26 08:00:00;2026-01-26 15:03:00;RDO-07;NACELLE;MPP1 - INSPEÇÃO EXTERNA DE AEROGERADOR - M6;1
BJS;2026-01-26 08:00:00;2026-01-26 15:09:00;RDO-08;TORRE WTG;MPP1 - INSPEÇÃO EXTERNA DE AEROGERADOR - M6;1
BJS;2026-01-26 08:00:00;2026-01-26 15:10:00;RDO-08;SISTEMA PITCH;MPP1 - INSPEÇÃO EXTERNA DE AEROGERADOR - M6;1
BJS;2026-01-26 08:00:00;2026-01-26 15:11:00;RDO-08;CONVERSOR;MPP1 - INSPEÇÃO EXTERNA DE AEROGERADOR - M6;1
BJS;2026-01-26 08:00:00;2026-01-26 15:12:00;RDO-08;GERADOR;MPP1 - INSPEÇÃO EXTERNA DE AEROGERADOR - M6;1
BJS;2026-01-26 08:00:00;2026-01-26 15:13:00;RDO-08;NACELLE;MPP1 - INSPEÇÃO EXTERNA DE AEROGERADOR - M6;1
BJS;2026-01-26 08:00:00;2026-01-26 15:16:00;RDO-09;SISTEMA PITCH;MPP1 - INSPEÇÃO EXTERNA DE AEROGERADOR - M6;1
BJS;2026-01-26 08:00:00;2026-01-26 15:18:00;RDO-09;TORRE WTG;MPP1 - INSPEÇÃO EXTERNA DE AEROGERADOR - M6;1
BJS;2026-01-26 08:00:00;2026-01-26 15:19:00;RDO-09;CONVERSOR;MPP1 - INSPEÇÃO EXTERNA DE AEROGERADOR - M6;1
BJS;2026-01-26 08:00:00;2026-01-26 15:19:00;RDO-09;GERADOR;MPP1 - INSPEÇÃO EXTERNA DE AEROGERADOR - M6;1
BJS;2026-01-26 08:00:00;2026-01-26 15:20:00;RDO-09;NACELLE;MPP1 - INSPEÇÃO EXTERNA DE AEROGERADOR - M6;1
BJS;2026-01-26 08:00:00;2026-01-26 15:23:00;RDO-10;SISTEMA PITCH;MPP1 - INSPEÇÃO EXTERNA DE AEROGERADOR - M6;1
BJS;2026-01-26 08:00:00;2026-01-26 15:24:00;RDO-10;NACELLE;MPP1 - INSPEÇÃO EXTERNA DE AEROGERADOR - M6;1
BJS;2026-01-26 08:00:00;2026-01-26 15:25:00;RDO-10;TORRE WTG;MPP1 - INSPEÇÃO EXTERNA DE AEROGERADOR - M6;1
BJS;2026-01-26 08:00:00;2026-01-26 15:26:00;RDO-10;CONVERSOR;MPP1 - INSPEÇÃO EXTERNA DE AEROGERADOR - M6;1
BJS;2026-01-26 08:00:00;2026-01-26 15:27:00;RDO-10;GERADOR;MPP1 - INSPEÇÃO EXTERNA DE AEROGERADOR - M6;1
BJS;2026-01-27 07:30:00;2026-01-27 07:48:00;RDO-11;CONVERSOR;MPP1 - INSPEÇÃO EXTERNA DE AEROGERADOR - M6;1
BJS;2026-01-27 07:30:00;2026-01-27 07:50:00;RDO-11;TORRE WTG;MPP1 - INSPEÇÃO EXTERNA DE AEROGERADOR - M6;1
BJS;2026-01-27 07:30:00;2026-01-27 07:51:00;RDO-11;GERADOR;MPP1 - INSPEÇÃO EXTERNA DE AEROGERADOR - M6;1
BJS;2026-01-27 07:30:00;2026-01-27 07:53:00;RDO-11;NACELLE;MPP1 - INSPEÇÃO EXTERNA DE AEROGERADOR - M6;1
BJS;2026-01-27 07:30:00;2026-01-27 07:57:00;RDO-11;SISTEMA PITCH;MPP1 - INSPEÇÃO EXTERNA DE AEROGERADOR - M6;1
BJS;2026-01-27 08:00:00;2026-01-27 08:07:00;RDO-12;NACELLE;MPP1 - INSPEÇÃO EXTERNA DE AEROGERADOR - M6;1
BJS;2026-01-27 08:00:00;2026-01-27 08:09:00;RDO-12;TORRE WTG;MPP1 - INSPEÇÃO EXTERNA DE AEROGERADOR - M6;1
BJS;2026-01-27 08:00:00;2026-01-27 08:10:00;RDO-12;SISTEMA PITCH;MPP1 - INSPEÇÃO EXTERNA DE AEROGERADOR - M6;1
BJS;2026-01-27 08:00:00;2026-01-27 08:11:00;RDO-12;CONVERSOR;MPP1 - INSPEÇÃO EXTERNA DE AEROGERADOR - M6;1
BJS;2026-01-27 08:00:00;2026-01-27 08:13:00;RDO-12;GERADOR;MPP1 - INSPEÇÃO EXTERNA DE AEROGERADOR - M6;1
BJS;2026-01-27 08:00:00;2026-01-27 08:21:00;RDO-13;TORRE WTG;MPP1 - INSPEÇÃO EXTERNA DE AEROGERADOR - M6;1
BJS;2026-01-27 08:00:00;2026-01-27 08:23:00;RDO-13;SISTEMA PITCH;MPP1 - INSPEÇÃO EXTERNA DE AEROGERADOR - M6;1
BJS;2026-01-27 08:00:00;2026-01-27 08:25:00;RDO-13;GERADOR;MPP1 - INSPEÇÃO EXTERNA DE AEROGERADOR - M6;1
BJS;2026-01-27 08:00:00;2026-01-27 08:26:00;RDO-13;CONVERSOR;MPP1 - INSPEÇÃO EXTERNA DE AEROGERADOR - M6;1
BJS;2026-01-27 08:00:00;2026-01-27 08:27:00;RDO-13;NACELLE;MPP1 - INSPEÇÃO EXTERNA DE AEROGERADOR - M6;1
BJS;2026-01-27 08:00:00;2026-01-27 08:38:00;RDO-17;NACELLE;MPP1 - INSPEÇÃO EXTERNA DE AEROGERADOR - M6;1
BJS;2026-01-27 08:00:00;2026-01-27 08:39:00;RDO-17;CONVERSOR;MPP1 - INSPEÇÃO EXTERNA DE AEROGERADOR - M6;1
BJS;2026-01-27 08:00:00;2026-01-27 08:44:00;RDO-17;SISTEMA PITCH;MPP1 - INSPEÇÃO EXTERNA DE AEROGERADOR - M6;1
BJS;2026-01-27 08:00:00;2026-01-27 08:45:00;RDO-17;GERADOR;MPP1 - INSPEÇÃO EXTERNA DE AEROGERADOR - M6;1
BJS;2026-01-27 08:00:00;2026-01-27 08:47:00;RDO-17;TORRE WTG;MPP1 - INSPEÇÃO EXTERNA DE AEROGERADOR - M6;1
BJS;2026-01-27 08:00:00;2026-01-27 08:51:00;RDO-16;CONVERSOR;MPP1 - INSPEÇÃO EXTERNA DE AEROGERADOR - M6;1
BJS;2026-01-27 08:00:00;2026-01-27 08:52:00;RDO-16;TORRE WTG;MPP1 - INSPEÇÃO EXTERNA DE AEROGERADOR - M6;1
BJS;2026-01-27 08:00:00;2026-01-27 08:53:00;RDO-16;GERADOR;MPP1 - INSPEÇÃO EXTERNA DE AEROGERADOR - M6;1
BJS;2026-01-27 08:00:00;2026-01-27 08:54:00;RDO-16;SISTEMA PITCH;MPP1 - INSPEÇÃO EXTERNA DE AEROGERADOR - M6;1
BJS;2026-01-27 08:00:00;2026-01-27 08:56:00;RDO-16;NACELLE;MPP1 - INSPEÇÃO EXTERNA DE AEROGERADOR - M6;1
BJS;2026-01-27 08:00:00;2026-01-27 09:01:00;RDO-15;SISTEMA PITCH;MPP1 - INSPEÇÃO EXTERNA DE AEROGERADOR - M6;1
BJS;2026-01-27 08:00:00;2026-01-27 09:02:00;RDO-15;NACELLE;MPP1 - INSPEÇÃO EXTERNA DE AEROGERADOR - M6;1
BJS;2026-01-27 08:00:00;2026-01-27 09:03:00;RDO-15;GERADOR;MPP1 - INSPEÇÃO EXTERNA DE AEROGERADOR - M6;1
BJS;2026-01-27 08:00:00;2026-01-27 09:04:00;RDO-15;TORRE WTG;MPP1 - INSPEÇÃO EXTERNA DE AEROGERADOR - M6;1
BJS;2026-01-27 08:00:00;2026-01-27 09:05:00;RDO-15;CONVERSOR;MPP1 - INSPEÇÃO EXTERNA DE AEROGERADOR - M6;1
BJS;2026-01-27 08:00:00;2026-01-27 09:12:00;RDO-14;NACELLE;MPP1 - INSPEÇÃO EXTERNA DE AEROGERADOR - M6;1
BJS;2026-01-27 08:00:00;2026-01-27 09:13:00;RDO-14;SISTEMA PITCH;MPP1 - INSPEÇÃO EXTERNA DE AEROGERADOR - M6;1
BJS;2026-01-27 08:00:00;2026-01-27 09:14:00;RDO-14;TORRE WTG;MPP1 - INSPEÇÃO EXTERNA DE AEROGERADOR - M6;1
BJS;2026-01-27 08:00:00;2026-01-27 09:15:00;RDO-14;CONVERSOR;MPP1 - INSPEÇÃO EXTERNA DE AEROGERADOR - M6;1
BJS;2026-01-27 08:00:00;2026-01-27 09:16:00;RDO-14;GERADOR;MPP1 - INSPEÇÃO EXTERNA DE AEROGERADOR - M6;1
BJS;2026-01-27 08:00:00;2026-01-27 09:32:00;STO-01;SISTEMA PITCH;MPP1 - INSPEÇÃO EXTERNA DE AEROGERADOR - M6;1
BJS;2026-01-27 08:00:00;2026-01-27 09:42:00;STO-01;CONVERSOR;MPP1 - INSPEÇÃO EXTERNA DE AEROGERADOR - M6;1
BJS;2026-01-27 08:00:00;2026-01-27 09:43:00;STO-01;GERADOR;MPP1 - INSPEÇÃO EXTERNA DE AEROGERADOR - M6;1
BJS;2026-01-27 08:00:00;2026-01-27 09:44:00;STO-01;NACELLE;MPP1 - INSPEÇÃO EXTERNA DE AEROGERADOR - M6;1
BJS;2026-01-27 08:00:00;2026-01-27 09:44:00;STO-01;TORRE WTG;MPP1 - INSPEÇÃO EXTERNA DE AEROGERADOR - M6;1
BJS;2026-01-27 08:00:00;2026-01-27 10:10:00;STO-02;GERADOR;MPP1 - INSPEÇÃO EXTERNA DE AEROGERADOR - M6;1
BJS;2026-01-27 08:00:00;2026-01-27 10:10:00;STO-02;NACELLE;MPP1 - INSPEÇÃO EXTERNA DE AEROGERADOR - M6;1
BJS;2026-01-27 08:00:00;2026-01-27 10:11:00;STO-02;CONVERSOR;MPP1 - INSPEÇÃO EXTERNA DE AEROGERADOR - M6;1
BJS;2026-01-27 08:00:00;2026-01-27 10:11:00;STO-02;SISTEMA PITCH;MPP1 - INSPEÇÃO EXTERNA DE AEROGERADOR - M6;1
BJS;2026-01-27 08:12:00;2026-01-27 10:12:00;STO-02;TORRE WTG;MPP1 - INSPEÇÃO EXTERNA DE AEROGERADOR - M6;1
BJS;2026-01-28 08:00:00;2026-01-28 08:42:00;PUL-14;CONVERSOR;MPP1 - INSPEÇÃO EXTERNA DE AEROGERADOR - M6;1
BJS;2026-01-28 08:00:00;2026-01-28 08:43:00;PUL-14;TORRE WTG;MPP1 - INSPEÇÃO EXTERNA DE AEROGERADOR - M6;1
BJS;2026-01-28 08:00:00;2026-01-28 08:44:00;PUL-14;NACELLE;MPP1 - INSPEÇÃO EXTERNA DE AEROGERADOR - M6;1
BJS;2026-01-28 08:00:00;2026-01-28 08:45:00;PUL-14;GERADOR;MPP1 - INSPEÇÃO EXTERNA DE AEROGERADOR - M6;1
BJS;2026-01-28 08:00:00;2026-01-28 08:46:00;PUL-14;SISTEMA PITCH;MPP1 - INSPEÇÃO EXTERNA DE AEROGERADOR - M6;1
BJS;2026-01-28 08:00:00;2026-01-28 08:51:00;PUL-15;SISTEMA PITCH;MPP1 - INSPEÇÃO EXTERNA DE AEROGERADOR - M6;1
BJS;2026-01-28 08:00:00;2026-01-28 08:52:00;PUL-15;GERADOR;MPP1 - INSPEÇÃO EXTERNA DE AEROGERADOR - M6;1
BJS;2026-01-28 08:00:00;2026-01-28 08:57:00;PUL-15;CONVERSOR;MPP1 - INSPEÇÃO EXTERNA DE AEROGERADOR - M6;1
BJS;2026-01-28 08:00:00;2026-01-28 08:58:00;PUL-15;NACELLE;MPP1 - INSPEÇÃO EXTERNA DE AEROGERADOR - M6;1
BJS;2026-01-28 08:00:00;2026-01-28 09:00:00;PUL-15;TORRE WTG;MPP1 - INSPEÇÃO EXTERNA DE AEROGERADOR - M6;1
BJS;2026-01-28 08:00:00;2026-01-28 09:16:00;PUL-16;CONVERSOR;MPP1 - INSPEÇÃO EXTERNA DE AEROGERADOR - M6;1
BJS;2026-01-28 08:00:00;2026-01-28 09:17:00;PUL-16;TORRE WTG;MPP1 - INSPEÇÃO EXTERNA DE AEROGERADOR - M6;1
BJS;2026-01-28 08:00:00;2026-01-28 09:18:00;PUL-16;GERADOR;MPP1 - INSPEÇÃO EXTERNA DE AEROGERADOR - M6;1
BJS;2026-01-28 08:00:00;2026-01-28 09:19:00;PUL-16;NACELLE;MPP1 - INSPEÇÃO EXTERNA DE AEROGERADOR - M6;1
BJS;2026-01-28 08:00:00;2026-01-28 09:19:00;PUL-16;SISTEMA PITCH;MPP1 - INSPEÇÃO EXTERNA DE AEROGERADOR - M6;1
BJS;2026-01-28 08:00:00;2026-01-28 09:25:00;PUL-17;NACELLE;MPP1 - INSPEÇÃO EXTERNA DE AEROGERADOR - M6;1
BJS;2026-01-28 08:00:00;2026-01-28 09:26:00;PUL-17;CONVERSOR;MPP1 - INSPEÇÃO EXTERNA DE AEROGERADOR - M6;1
BJS;2026-01-28 08:00:00;2026-01-28 09:28:00;PUL-17;GERADOR;MPP1 - INSPEÇÃO EXTERNA DE AEROGERADOR - M6;1
BJS;2026-01-28 08:00:00;2026-01-28 09:29:00;PUL-17;TORRE WTG;MPP1 - INSPEÇÃO EXTERNA DE AEROGERADOR - M6;1
BJS;2026-01-28 08:00:00;2026-01-28 09:30:00;PUL-17;SISTEMA PITCH;MPP1 - INSPEÇÃO EXTERNA DE AEROGERADOR - M6;1
BJS;2026-01-28 08:00:00;2026-01-28 09:35:00;PUL-18;GERADOR;MPP1 - INSPEÇÃO EXTERNA DE AEROGERADOR - M6;1
BJS;2026-01-28 08:00:00;2026-01-28 09:35:00;PUL-18;SISTEMA PITCH;MPP1 - INSPEÇÃO EXTERNA DE AEROGERADOR - M6;1
BJS;2026-01-28 08:00:00;2026-01-28 09:36:00;PUL-18;TORRE WTG;MPP1 - INSPEÇÃO EXTERNA DE AEROGERADOR - M6;1
BJS;2026-01-28 08:00:00;2026-01-28 09:37:00;PUL-18;CONVERSOR;MPP1 - INSPEÇÃO EXTERNA DE AEROGERADOR - M6;1
BJS;2026-01-28 08:00:00;2026-01-28 09:38:00;PUL-18;NACELLE;MPP1 - INSPEÇÃO EXTERNA DE AEROGERADOR - M6;1
BJS;2026-01-28 08:00:00;2026-01-28 09:51:00;PUL-19;CONVERSOR;MPP1 - INSPEÇÃO EXTERNA DE AEROGERADOR - M6;1
BJS;2026-01-28 08:00:00;2026-01-28 09:52:00;PUL-19;GERADOR;MPP1 - INSPEÇÃO EXTERNA DE AEROGERADOR - M6;1
BJS;2026-01-28 08:00:00;2026-01-28 09:53:00;PUL-19;SISTEMA PITCH;MPP1 - INSPEÇÃO EXTERNA DE AEROGERADOR - M6;1
BJS;2026-01-28 08:00:00;2026-01-28 09:54:00;PUL-19;TORRE WTG;MPP1 - INSPEÇÃO EXTERNA DE AEROGERADOR - M6;1
BJS;2026-01-28 08:00:00;2026-01-28 09:55:00;PUL-19;NACELLE;MPP1 - INSPEÇÃO EXTERNA DE AEROGERADOR - M6;1
BJS;2026-01-28 08:00:00;2026-01-28 10:06:00;PUL-20;CONVERSOR;MPP1 - INSPEÇÃO EXTERNA DE AEROGERADOR - M6;1
BJS;2026-01-28 08:00:00;2026-01-28 10:07:00;PUL-20;GERADOR;MPP1 - INSPEÇÃO EXTERNA DE AEROGERADOR - M6;1
BJS;2026-01-28 08:00:00;2026-01-28 10:08:00;PUL-20;NACELLE;MPP1 - INSPEÇÃO EXTERNA DE AEROGERADOR - M6;1
BJS;2026-01-28 08:00:00;2026-01-28 10:09:00;PUL-20;TORRE WTG;MPP1 - INSPEÇÃO EXTERNA DE AEROGERADOR - M6;1
BJS;2026-01-28 08:00:00;2026-01-28 10:10:00;PUL-20;SISTEMA PITCH;MPP1 - INSPEÇÃO EXTERNA DE AEROGERADOR - M6;1
BJS;2026-01-28 08:00:00;2026-01-28 10:26:00;PUL-01;SISTEMA PITCH;MPP1 - INSPEÇÃO EXTERNA DE AEROGERADOR - M6;1
BJS;2026-01-28 08:00:00;2026-01-28 10:27:00;PUL-01;GERADOR;MPP1 - INSPEÇÃO EXTERNA DE AEROGERADOR - M6;1
BJS;2026-01-28 08:00:00;2026-01-28 10:28:00;PUL-01;TORRE WTG;MPP1 - INSPEÇÃO EXTERNA DE AEROGERADOR - M6;1
BJS;2026-01-28 08:00:00;2026-01-28 10:29:00;PUL-01;CONVERSOR;MPP1 - INSPEÇÃO EXTERNA DE AEROGERADOR - M6;1
BJS;2026-01-28 08:00:00;2026-01-28 10:30:00;PUL-01;NACELLE;MPP1 - INSPEÇÃO EXTERNA DE AEROGERADOR - M6;1
BJS;2026-01-28 08:00:00;2026-01-28 10:32:00;PUL-02;SISTEMA PITCH;MPP1 - INSPEÇÃO EXTERNA DE AEROGERADOR - M6;1
BJS;2026-01-28 08:00:00;2026-01-28 10:33:00;PUL-02;NACELLE;MPP1 - INSPEÇÃO EXTERNA DE AEROGERADOR - M6;1
BJS;2026-01-28 08:00:00;2026-01-28 10:34:00;PUL-02;TORRE WTG;MPP1 - INSPEÇÃO EXTERNA DE AEROGERADOR - M6;1
BJS;2026-01-28 08:00:00;2026-01-28 10:35:00;PUL-02;GERADOR;MPP1 - INSPEÇÃO EXTERNA DE AEROGERADOR - M6;1
BJS;2026-01-28 08:00:00;2026-01-28 10:36:00;PUL-02;CONVERSOR;MPP1 - INSPEÇÃO EXTERNA DE AEROGERADOR - M6;1
BJS;2026-01-28 08:00:00;2026-01-28 10:44:00;PUL-03;CONVERSOR;MPP1 - INSPEÇÃO EXTERNA DE AEROGERADOR - M6;1
BJS;2026-01-28 08:00:00;2026-01-28 10:44:00;PUL-03;GERADOR;MPP1 - INSPEÇÃO EXTERNA DE AEROGERADOR - M6;1
BJS;2026-01-28 08:00:00;2026-01-28 10:45:00;PUL-03;NACELLE;MPP1 - INSPEÇÃO EXTERNA DE AEROGERADOR - M6;1
BJS;2026-01-28 08:00:00;2026-01-28 10:46:00;PUL-03;TORRE WTG;MPP1 - INSPEÇÃO EXTERNA DE AEROGERADOR - M6;1
BJS;2026-01-28 08:00:00;2026-01-28 10:47:00;PUL-03;SISTEMA PITCH;MPP1 - INSPEÇÃO EXTERNA DE AEROGERADOR - M6;1
BJS;2026-01-29 08:00:00;2026-01-29 08:10:00;PUL-13;CONVERSOR;MPP1 - INSPEÇÃO EXTERNA DE AEROGERADOR - M6;1
BJS;2026-01-29 08:00:00;2026-01-29 08:10:00;PUL-13;SISTEMA PITCH;MPP1 - INSPEÇÃO EXTERNA DE AEROGERADOR - M6;1
BJS;2026-01-29 08:00:00;2026-01-29 08:12:00;PUL-13;GERADOR;MPP1 - INSPEÇÃO EXTERNA DE AEROGERADOR - M6;1
BJS;2026-01-29 08:00:00;2026-01-29 08:12:00;PUL-13;NACELLE;MPP1 - INSPEÇÃO EXTERNA DE AEROGERADOR - M6;1
BJS;2026-01-29 08:00:00;2026-01-29 08:14:00;PUL-13;TORRE WTG;MPP1 - INSPEÇÃO EXTERNA DE AEROGERADOR - M6;1
BJS;2026-01-29 08:00:00;2026-01-29 08:20:00;PUL-12;GERADOR;MPP1 - INSPEÇÃO EXTERNA DE AEROGERADOR - M6;1
BJS;2026-01-29 08:00:00;2026-01-29 08:20:00;PUL-12;TORRE WTG;MPP1 - INSPEÇÃO EXTERNA DE AEROGERADOR - M6;1
BJS;2026-01-29 08:00:00;2026-01-29 08:21:00;PUL-12;NACELLE;MPP1 - INSPEÇÃO EXTERNA DE AEROGERADOR - M6;1
BJS;2026-01-29 08:00:00;2026-01-29 08:22:00;PUL-12;SISTEMA PITCH;MPP1 - INSPEÇÃO EXTERNA DE AEROGERADOR - M6;1
BJS;2026-01-29 08:00:00;2026-01-29 08:23:00;PUL-12;CONVERSOR;MPP1 - INSPEÇÃO EXTERNA DE AEROGERADOR - M6;1
BJS;2026-01-29 08:00:00;2026-01-29 08:26:00;PUL-11;SISTEMA PITCH;MPP1 - INSPEÇÃO EXTERNA DE AEROGERADOR - M6;1
BJS;2026-01-29 08:00:00;2026-01-29 08:28:00;PUL-11;TORRE WTG;MPP1 - INSPEÇÃO EXTERNA DE AEROGERADOR - M6;1
BJS;2026-01-29 08:00:00;2026-01-29 08:29:00;PUL-11;GERADOR;MPP1 - INSPEÇÃO EXTERNA DE AEROGERADOR - M6;1
BJS;2026-01-29 08:00:00;2026-01-29 08:32:00;PUL-11;CONVERSOR;MPP1 - INSPEÇÃO EXTERNA DE AEROGERADOR - M6;1
BJS;2026-01-29 08:00:00;2026-01-29 08:32:00;PUL-11;NACELLE;MPP1 - INSPEÇÃO EXTERNA DE AEROGERADOR - M6;1
BJS;2026-01-29 08:00:00;2026-01-29 08:36:00;PUL-10;SISTEMA PITCH;MPP1 - INSPEÇÃO EXTERNA DE AEROGERADOR - M6;1
BJS;2026-01-29 08:00:00;2026-01-29 08:37:00;PUL-10;CONVERSOR;MPP1 - INSPEÇÃO EXTERNA DE AEROGERADOR - M6;1
BJS;2026-01-29 08:00:00;2026-01-29 08:38:00;PUL-10;GERADOR;MPP1 - INSPEÇÃO EXTERNA DE AEROGERADOR - M6;1
BJS;2026-01-29 08:00:00;2026-01-29 08:38:00;PUL-10;NACELLE;MPP1 - INSPEÇÃO EXTERNA DE AEROGERADOR - M6;1
BJS;2026-01-29 08:00:00;2026-01-29 08:39:00;PUL-10;TORRE WTG;MPP1 - INSPEÇÃO EXTERNA DE AEROGERADOR - M6;1
BJS;2026-01-29 08:00:00;2026-01-29 08:42:00;PUL-09;SISTEMA PITCH;MPP1 - INSPEÇÃO EXTERNA DE AEROGERADOR - M6;1
BJS;2026-01-29 08:00:00;2026-01-29 08:43:00;PUL-09;CONVERSOR;MPP1 - INSPEÇÃO EXTERNA DE AEROGERADOR - M6;1
BJS;2026-01-29 08:00:00;2026-01-29 08:45:00;PUL-09;TORRE WTG;MPP1 - INSPEÇÃO EXTERNA DE AEROGERADOR - M6;1
BJS;2026-01-29 08:00:00;2026-01-29 08:46:00;PUL-09;GERADOR;MPP1 - INSPEÇÃO EXTERNA DE AEROGERADOR - M6;1
BJS;2026-01-29 08:00:00;2026-01-29 08:49:00;PUL-09;NACELLE;MPP1 - INSPEÇÃO EXTERNA DE AEROGERADOR - M6;1
BJS;2026-01-29 08:00:00;2026-01-29 08:54:00;PUL-08;SISTEMA PITCH;MPP1 - INSPEÇÃO EXTERNA DE AEROGERADOR - M6;1
BJS;2026-01-29 08:00:00;2026-01-29 08:55:00;PUL-08;CONVERSOR;MPP1 - INSPEÇÃO EXTERNA DE AEROGERADOR - M6;1
BJS;2026-01-29 08:00:00;2026-01-29 08:56:00;PUL-08;TORRE WTG;MPP1 - INSPEÇÃO EXTERNA DE AEROGERADOR - M6;1
BJS;2026-01-29 08:00:00;2026-01-29 08:57:00;PUL-08;GERADOR;MPP1 - INSPEÇÃO EXTERNA DE AEROGERADOR - M6;1
BJS;2026-01-29 08:00:00;2026-01-29 08:58:00;PUL-08;NACELLE;MPP1 - INSPEÇÃO EXTERNA DE AEROGERADOR - M6;1
BJS;2026-01-29 08:00:00;2026-01-29 09:05:00;PUL-07;NACELLE;MPP1 - INSPEÇÃO EXTERNA DE AEROGERADOR - M6;1
BJS;2026-01-29 08:00:00;2026-01-29 09:06:00;PUL-07;GERADOR;MPP1 - INSPEÇÃO EXTERNA DE AEROGERADOR - M6;1
BJS;2026-01-29 08:00:00;2026-01-29 09:07:00;PUL-07;SISTEMA PITCH;MPP1 - INSPEÇÃO EXTERNA DE AEROGERADOR - M6;1
BJS;2026-01-29 08:00:00;2026-01-29 09:07:00;PUL-07;TORRE WTG;MPP1 - INSPEÇÃO EXTERNA DE AEROGERADOR - M6;1
BJS;2026-01-29 08:00:00;2026-01-29 09:08:00;PUL-07;CONVERSOR;MPP1 - INSPEÇÃO EXTERNA DE AEROGERADOR - M6;1
BJS;2026-01-29 08:00:00;2026-01-29 09:14:00;PUL-06;CONVERSOR;MPP1 - INSPEÇÃO EXTERNA DE AEROGERADOR - M6;1
BJS;2026-01-29 08:00:00;2026-01-29 09:15:00;PUL-06;NACELLE;MPP1 - INSPEÇÃO EXTERNA DE AEROGERADOR - M6;1
BJS;2026-01-29 08:00:00;2026-01-29 09:15:00;PUL-06;TORRE WTG;MPP1 - INSPEÇÃO EXTERNA DE AEROGERADOR - M6;1
BJS;2026-01-29 08:00:00;2026-01-29 09:16:00;PUL-06;GERADOR;MPP1 - INSPEÇÃO EXTERNA DE AEROGERADOR - M6;1
BJS;2026-01-29 08:00:00;2026-01-29 09:17:00;PUL-06;SISTEMA PITCH;MPP1 - INSPEÇÃO EXTERNA DE AEROGERADOR - M6;1
BJS;2026-01-29 08:00:00;2026-01-29 09:21:00;PUL-05;TORRE WTG;MPP1 - INSPEÇÃO EXTERNA DE AEROGERADOR - M6;1
BJS;2026-01-29 08:00:00;2026-01-29 09:22:00;PUL-05;SISTEMA PITCH;MPP1 - INSPEÇÃO EXTERNA DE AEROGERADOR - M6;1
BJS;2026-01-29 08:00:00;2026-01-29 09:23:00;PUL-05;CONVERSOR;MPP1 - INSPEÇÃO EXTERNA DE AEROGERADOR - M6;1
BJS;2026-01-29 08:00:00;2026-01-29 09:23:00;PUL-05;GERADOR;MPP1 - INSPEÇÃO EXTERNA DE AEROGERADOR - M6;1
BJS;2026-01-29 08:00:00;2026-01-29 09:24:00;PUL-05;NACELLE;MPP1 - INSPEÇÃO EXTERNA DE AEROGERADOR - M6;1
BJS;2026-01-29 08:00:00;2026-01-29 09:31:00;PUL-04;CONVERSOR;MPP1 - INSPEÇÃO EXTERNA DE AEROGERADOR - M6;1
BJS;2026-01-29 08:00:00;2026-01-29 09:31:00;PUL-04;NACELLE;MPP1 - INSPEÇÃO EXTERNA DE AEROGERADOR - M6;1
BJS;2026-01-29 08:00:00;2026-01-29 09:32:00;PUL-04;GERADOR;MPP1 - INSPEÇÃO EXTERNA DE AEROGERADOR - M6;1
BJS;2026-01-29 08:00:00;2026-01-29 09:33:00;PUL-04;TORRE WTG;MPP1 - INSPEÇÃO EXTERNA DE AEROGERADOR - M6;1
BJS;2026-01-29 08:00:00;2026-01-29 09:34:00;PUL-04;SISTEMA PITCH;MPP1 - INSPEÇÃO EXTERNA DE AEROGERADOR - M6;1
BJS;2026-01-30 08:00:00;2026-01-30 08:11:00;BJS-20;TORRE WTG;MPP1 - INSPEÇÃO EXTERNA DE AEROGERADOR - M6;1
BJS;2026-01-30 08:00:00;2026-01-30 08:12:00;BJS-20;NACELLE;MPP1 - INSPEÇÃO EXTERNA DE AEROGERADOR - M6;1
BJS;2026-01-30 08:00:00;2026-01-30 08:13:00;BJS-20;CONVERSOR;MPP1 - INSPEÇÃO EXTERNA DE AEROGERADOR - M6;1
BJS;2026-01-30 08:00:00;2026-01-30 08:13:00;BJS-20;SISTEMA PITCH;MPP1 - INSPEÇÃO EXTERNA DE AEROGERADOR - M6;1
BJS;2026-01-30 08:00:00;2026-01-30 08:14:00;BJS-20;GERADOR;MPP1 - INSPEÇÃO EXTERNA DE AEROGERADOR - M6;1
BJS;2026-01-30 08:00:00;2026-01-30 08:16:00;BJS-19;CONVERSOR;MPP1 - INSPEÇÃO EXTERNA DE AEROGERADOR - M6;1
BJS;2026-01-30 08:00:00;2026-01-30 08:17:00;BJS-19;SISTEMA PITCH;MPP1 - INSPEÇÃO EXTERNA DE AEROGERADOR - M6;1
BJS;2026-01-30 08:00:00;2026-01-30 08:18:00;BJS-19;GERADOR;MPP1 - INSPEÇÃO EXTERNA DE AEROGERADOR - M6;1
BJS;2026-01-30 08:00:00;2026-01-30 08:18:00;BJS-19;NACELLE;MPP1 - INSPEÇÃO EXTERNA DE AEROGERADOR - M6;1
BJS;2026-01-30 08:00:00;2026-01-30 08:19:00;BJS-19;TORRE WTG;MPP1 - INSPEÇÃO EXTERNA DE AEROGERADOR - M6;1
BJS;2026-01-30 08:00:00;2026-01-30 08:25:00;BJS-18;CONVERSOR;MPP1 - INSPEÇÃO EXTERNA DE AEROGERADOR - M6;1
BJS;2026-01-30 08:00:00;2026-01-30 08:26:00;BJS-18;TORRE WTG;MPP1 - INSPEÇÃO EXTERNA DE AEROGERADOR - M6;1
BJS;2026-01-30 08:00:00;2026-01-30 08:27:00;BJS-18;NACELLE;MPP1 - INSPEÇÃO EXTERNA DE AEROGERADOR - M6;1
BJS;2026-01-30 08:00:00;2026-01-30 08:27:00;BJS-18;SISTEMA PITCH;MPP1 - INSPEÇÃO EXTERNA DE AEROGERADOR - M6;1
BJS;2026-01-30 08:00:00;2026-01-30 08:28:00;BJS-18;GERADOR;MPP1 - INSPEÇÃO EXTERNA DE AEROGERADOR - M6;1
BJS;2026-02-02 08:00:00;2026-02-02 08:42:00;BJS-06;GERADOR;MPP1 - INSPEÇÃO EXTERNA DE AEROGERADOR - M6;1
BJS;2026-02-02 08:00:00;2026-02-02 08:44:00;BJS-06;NACELLE;MPP1 - INSPEÇÃO EXTERNA DE AEROGERADOR - M6;1
BJS;2026-02-02 08:00:00;2026-02-02 08:45:00;BJS-06;TORRE WTG;MPP1 - INSPEÇÃO EXTERNA DE AEROGERADOR - M6;1
BJS;2026-02-02 08:00:00;2026-02-02 08:46:00;BJS-06;SISTEMA PITCH;MPP1 - INSPEÇÃO EXTERNA DE AEROGERADOR - M6;1
BJS;2026-02-02 08:00:00;2026-02-02 08:48:00;BJS-06;CONVERSOR;MPP1 - INSPEÇÃO EXTERNA DE AEROGERADOR - M6;1
BJS;2026-02-02 08:00:00;2026-02-02 09:17:00;BJS-07;SISTEMA PITCH;MPP1 - INSPEÇÃO EXTERNA DE AEROGERADOR - M6;1
BJS;2026-02-02 08:00:00;2026-02-02 09:18:00;BJS-07;NACELLE;MPP1 - INSPEÇÃO EXTERNA DE AEROGERADOR - M6;1
BJS;2026-02-02 08:00:00;2026-02-02 09:19:00;BJS-07;GERADOR;MPP1 - INSPEÇÃO EXTERNA DE AEROGERADOR - M6;1
BJS;2026-02-02 08:00:00;2026-02-02 09:20:00;BJS-07;CONVERSOR;MPP1 - INSPEÇÃO EXTERNA DE AEROGERADOR - M6;1
BJS;2026-02-02 08:00:00;2026-02-02 09:21:00;BJS-07;TORRE WTG;MPP1 - INSPEÇÃO EXTERNA DE AEROGERADOR - M6;1
BJS;2026-02-02 08:00:00;2026-02-02 09:24:00;BJS-08;CONVERSOR;MPP1 - INSPEÇÃO EXTERNA DE AEROGERADOR - M6;1
BJS;2026-02-02 08:00:00;2026-02-02 09:25:00;BJS-08;TORRE WTG;MPP1 - INSPEÇÃO EXTERNA DE AEROGERADOR - M6;1
BJS;2026-02-02 08:00:00;2026-02-02 09:27:00;BJS-08;SISTEMA PITCH;MPP1 - INSPEÇÃO EXTERNA DE AEROGERADOR - M6;1
BJS;2026-02-02 08:00:00;2026-02-02 09:28:00;BJS-08;GERADOR;MPP1 - INSPEÇÃO EXTERNA DE AEROGERADOR - M6;1
BJS;2026-02-02 08:00:00;2026-02-02 09:29:00;BJS-08;NACELLE;MPP1 - INSPEÇÃO EXTERNA DE AEROGERADOR - M6;1
BJS;2026-02-02 08:00:00;2026-02-02 09:33:00;BJS-09;NACELLE;MPP1 - INSPEÇÃO EXTERNA DE AEROGERADOR - M6;1
BJS;2026-02-02 08:00:00;2026-02-02 09:34:00;BJS-09;CONVERSOR;MPP1 - INSPEÇÃO EXTERNA DE AEROGERADOR - M6;1
BJS;2026-02-02 08:00:00;2026-02-02 09:40:00;BJS-09;GERADOR;MPP1 - INSPEÇÃO EXTERNA DE AEROGERADOR - M6;1
BJS;2026-02-02 08:00:00;2026-02-02 09:44:00;BJS-09;SISTEMA PITCH;MPP1 - INSPEÇÃO EXTERNA DE AEROGERADOR - M6;1
BJS;2026-02-02 08:00:00;2026-02-02 09:45:00;BJS-09;TORRE WTG;MPP1 - INSPEÇÃO EXTERNA DE AEROGERADOR - M6;1
BJS;2026-02-02 08:00:00;2026-02-02 09:49:00;BJS-10;CONVERSOR;MPP1 - INSPEÇÃO EXTERNA DE AEROGERADOR - M6;1
BJS;2026-02-02 08:00:00;2026-02-02 09:49:00;BJS-10;GERADOR;MPP1 - INSPEÇÃO EXTERNA DE AEROGERADOR - M6;1
BJS;2026-02-02 08:00:00;2026-02-02 09:51:00;BJS-10;NACELLE;MPP1 - INSPEÇÃO EXTERNA DE AEROGERADOR - M6;1
BJS;2026-02-02 08:00:00;2026-02-02 09:52:00;BJS-10;SISTEMA PITCH;MPP1 - INSPEÇÃO EXTERNA DE AEROGERADOR - M6;1
BJS;2026-02-02 08:00:00;2026-02-02 09:53:00;BJS-10;TORRE WTG;MPP1 - INSPEÇÃO EXTERNA DE AEROGERADOR - M6;1
BJS;2026-02-02 08:00:00;2026-02-02 10:04:00;BJS-11;TORRE WTG;MPP1 - INSPEÇÃO EXTERNA DE AEROGERADOR - M6;1
BJS;2026-02-02 08:00:00;2026-02-02 10:05:00;BJS-11;GERADOR;MPP1 - INSPEÇÃO EXTERNA DE AEROGERADOR - M6;1
BJS;2026-02-02 08:00:00;2026-02-02 10:06:00;BJS-11;NACELLE;MPP1 - INSPEÇÃO EXTERNA DE AEROGERADOR - M6;1
BJS;2026-02-02 08:00:00;2026-02-02 10:07:00;BJS-11;SISTEMA PITCH;MPP1 - INSPEÇÃO EXTERNA DE AEROGERADOR - M6;1
BJS;2026-02-02 08:00:00;2026-02-02 10:08:00;BJS-11;CONVERSOR;MPP1 - INSPEÇÃO EXTERNA DE AEROGERADOR - M6;1
BJS;2026-02-02 08:00:00;2026-02-02 10:13:00;BJS-13;GERADOR;MPP1 - INSPEÇÃO EXTERNA DE AEROGERADOR - M6;1
BJS;2026-02-02 08:00:00;2026-02-02 10:14:00;BJS-13;NACELLE;MPP1 - INSPEÇÃO EXTERNA DE AEROGERADOR - M6;1
BJS;2026-02-02 08:00:00;2026-02-02 10:17:00;BJS-13;CONVERSOR;MPP1 - INSPEÇÃO EXTERNA DE AEROGERADOR - M6;1
BJS;2026-02-02 08:00:00;2026-02-02 10:17:00;BJS-13;TORRE WTG;MPP1 - INSPEÇÃO EXTERNA DE AEROGERADOR - M6;1
BJS;2026-02-02 08:00:00;2026-02-02 10:18:00;BJS-13;SISTEMA PITCH;MPP1 - INSPEÇÃO EXTERNA DE AEROGERADOR - M6;1
BJS;2026-02-02 08:00:00;2026-02-02 10:21:00;BJS-12;CONVERSOR;MPP1 - INSPEÇÃO EXTERNA DE AEROGERADOR - M6;1
BJS;2026-02-02 08:00:00;2026-02-02 10:22:00;BJS-12;SISTEMA PITCH;MPP1 - INSPEÇÃO EXTERNA DE AEROGERADOR - M6;1
BJS;2026-02-02 08:00:00;2026-02-02 10:23:00;BJS-12;GERADOR;MPP1 - INSPEÇÃO EXTERNA DE AEROGERADOR - M6;1
BJS;2026-02-02 08:00:00;2026-02-02 10:24:00;BJS-12;NACELLE;MPP1 - INSPEÇÃO EXTERNA DE AEROGERADOR - M6;1
BJS;2026-02-02 08:00:00;2026-02-02 10:25:00;BJS-12;TORRE WTG;MPP1 - INSPEÇÃO EXTERNA DE AEROGERADOR - M6;1
BJS;2026-02-02 08:00:00;2026-02-02 10:40:00;BJS-17;GERADOR;MPP1 - INSPEÇÃO EXTERNA DE AEROGERADOR - M6;1
BJS;2026-02-02 08:00:00;2026-02-02 10:40:00;BJS-17;TORRE WTG;MPP1 - INSPEÇÃO EXTERNA DE AEROGERADOR - M6;1
BJS;2026-02-02 08:00:00;2026-02-02 10:41:00;BJS-17;SISTEMA PITCH;MPP1 - INSPEÇÃO EXTERNA DE AEROGERADOR - M6;1
BJS;2026-02-02 08:00:00;2026-02-02 10:42:00;BJS-17;CONVERSOR;MPP1 - INSPEÇÃO EXTERNA DE AEROGERADOR - M6;1
BJS;2026-02-02 08:00:00;2026-02-02 10:42:00;BJS-17;NACELLE;MPP1 - INSPEÇÃO EXTERNA DE AEROGERADOR - M6;1
BJS;2026-02-02 08:00:00;2026-02-02 10:45:00;BJS-16;GERADOR;MPP1 - INSPEÇÃO EXTERNA DE AEROGERADOR - M6;1
BJS;2026-02-02 08:00:00;2026-02-02 10:46:00;BJS-16;NACELLE;MPP1 - INSPEÇÃO EXTERNA DE AEROGERADOR - M6;1
BJS;2026-02-02 08:00:00;2026-02-02 10:47:00;BJS-16;CONVERSOR;MPP1 - INSPEÇÃO EXTERNA DE AEROGERADOR - M6;1
BJS;2026-02-02 08:00:00;2026-02-02 10:47:00;BJS-16;TORRE WTG;MPP1 - INSPEÇÃO EXTERNA DE AEROGERADOR - M6;1
BJS;2026-02-02 08:00:00;2026-02-02 10:48:00;BJS-16;SISTEMA PITCH;MPP1 - INSPEÇÃO EXTERNA DE AEROGERADOR - M6;1
BJS;2026-02-02 08:00:00;2026-02-02 10:51:00;BJS-15;TORRE WTG;MPP1 - INSPEÇÃO EXTERNA DE AEROGERADOR - M6;1
BJS;2026-02-02 08:00:00;2026-02-02 10:53:00;BJS-15;NACELLE;MPP1 - INSPEÇÃO EXTERNA DE AEROGERADOR - M6;1
BJS;2026-02-02 08:00:00;2026-02-02 10:54:00;BJS-15;CONVERSOR;MPP1 - INSPEÇÃO EXTERNA DE AEROGERADOR - M6;1
BJS;2026-02-02 08:00:00;2026-02-02 10:55:00;BJS-15;GERADOR;MPP1 - INSPEÇÃO EXTERNA DE AEROGERADOR - M6;1
BJS;2026-02-02 08:00:00;2026-02-02 10:55:00;BJS-15;SISTEMA PITCH;MPP1 - INSPEÇÃO EXTERNA DE AEROGERADOR - M6;1
BJS;2026-02-02 08:00:00;2026-02-02 10:58:00;BJS-14;NACELLE;MPP1 - INSPEÇÃO EXTERNA DE AEROGERADOR - M6;1
BJS;2026-02-02 08:00:00;2026-02-02 10:59:00;BJS-14;SISTEMA PITCH;MPP1 - INSPEÇÃO EXTERNA DE AEROGERADOR - M6;1
BJS;2026-02-02 08:00:00;2026-02-02 10:59:00;BJS-14;TORRE WTG;MPP1 - INSPEÇÃO EXTERNA DE AEROGERADOR - M6;1
BJS;2026-02-02 08:00:00;2026-02-02 11:00:00;BJS-14;CONVERSOR;MPP1 - INSPEÇÃO EXTERNA DE AEROGERADOR - M6;1
BJS;2026-02-02 08:00:00;2026-02-02 11:00:00;BJS-14;GERADOR;MPP1 - INSPEÇÃO EXTERNA DE AEROGERADOR - M6;1
BJS;2026-02-10 08:00:00;2026-02-10 08:04:00;BJS-01;SISTEMA PITCH;MPP1 - INSPEÇÃO EXTERNA DE AEROGERADOR - M6;1
BJS;2026-02-10 08:00:00;2026-02-10 08:05:00;BJS-01;GERADOR;MPP1 - INSPEÇÃO EXTERNA DE AEROGERADOR - M6;1
BJS;2026-02-10 08:00:00;2026-02-10 08:06:00;BJS-01;CONVERSOR;MPP1 - INSPEÇÃO EXTERNA DE AEROGERADOR - M6;1
BJS;2026-02-10 08:00:00;2026-02-10 08:06:00;BJS-01;NACELLE;MPP1 - INSPEÇÃO EXTERNA DE AEROGERADOR - M6;1
BJS;2026-02-10 08:00:00;2026-02-10 08:08:00;BJS-01;TORRE WTG;MPP1 - INSPEÇÃO EXTERNA DE AEROGERADOR - M6;1
BJS;2026-02-10 08:00:00;2026-02-10 08:11:00;BJS-04;TORRE WTG;MPP1 - INSPEÇÃO EXTERNA DE AEROGERADOR - M6;1
BJS;2026-02-10 08:00:00;2026-02-10 08:12:00;BJS-04;SISTEMA PITCH;MPP1 - INSPEÇÃO EXTERNA DE AEROGERADOR - M6;1
BJS;2026-02-10 08:00:00;2026-02-10 08:13:00;BJS-04;NACELLE;MPP1 - INSPEÇÃO EXTERNA DE AEROGERADOR - M6;1
BJS;2026-02-10 08:00:00;2026-02-10 08:14:00;BJS-04;GERADOR;MPP1 - INSPEÇÃO EXTERNA DE AEROGERADOR - M6;1
BJS;2026-02-10 08:00:00;2026-02-10 08:14:00;BJS-05;CONVERSOR;MPP1 - INSPEÇÃO EXTERNA DE AEROGERADOR - M6;1
BJS;2026-02-10 08:00:00;2026-02-10 08:15:00;BJS-05;SISTEMA PITCH;MPP1 - INSPEÇÃO EXTERNA DE AEROGERADOR - M6;1
BJS;2026-02-10 08:00:00;2026-02-10 08:16:00;BJS-04;CONVERSOR;MPP1 - INSPEÇÃO EXTERNA DE AEROGERADOR - M6;1
BJS;2026-02-10 08:00:00;2026-02-10 08:16:00;BJS-05;NACELLE;MPP1 - INSPEÇÃO EXTERNA DE AEROGERADOR - M6;1
BJS;2026-02-10 08:00:00;2026-02-10 08:17:00;BJS-05;GERADOR;MPP1 - INSPEÇÃO EXTERNA DE AEROGERADOR - M6;1
BJS;2026-02-10 08:00:00;2026-02-10 08:18:00;BJS-05;TORRE WTG;MPP1 - INSPEÇÃO EXTERNA DE AEROGERADOR - M6;1
BJS;2026-02-10 08:00:00;2026-02-10 08:27:00;BJS-03;CONVERSOR;MPP1 - INSPEÇÃO EXTERNA DE AEROGERADOR - M6;1
BJS;2026-02-10 08:00:00;2026-02-10 08:28:00;BJS-03;GERADOR;MPP1 - INSPEÇÃO EXTERNA DE AEROGERADOR - M6;1
BJS;2026-02-10 08:00:00;2026-02-10 08:28:00;BJS-03;TORRE WTG;MPP1 - INSPEÇÃO EXTERNA DE AEROGERADOR - M6;1
BJS;2026-02-10 08:00:00;2026-02-10 08:29:00;BJS-03;NACELLE;MPP1 - INSPEÇÃO EXTERNA DE AEROGERADOR - M6;1
BJS;2026-02-10 08:00:00;2026-02-10 08:30:00;BJS-03;SISTEMA PITCH;MPP1 - INSPEÇÃO EXTERNA DE AEROGERADOR - M6;1
BJS;2026-02-10 08:00:00;2026-02-10 08:41:00;BJS-02;CONVERSOR;MPP1 - INSPEÇÃO EXTERNA DE AEROGERADOR - M6;1
BJS;2026-02-10 08:00:00;2026-02-10 08:42:00;BJS-02;NACELLE;MPP1 - INSPEÇÃO EXTERNA DE AEROGERADOR - M6;1
BJS;2026-02-10 08:00:00;2026-02-10 08:43:00;BJS-02;GERADOR;MPP1 - INSPEÇÃO EXTERNA DE AEROGERADOR - M6;1
BJS;2026-02-10 08:00:00;2026-02-10 08:44:00;BJS-02;SISTEMA PITCH;MPP1 - INSPEÇÃO EXTERNA DE AEROGERADOR - M6;1
BJS;2026-02-10 08:00:00;2026-02-10 08:44:00;BJS-02;TORRE WTG;MPP1 - INSPEÇÃO EXTERNA DE AEROGERADOR - M6;1
BJS;2026-02-20 08:00:00;2026-02-20 09:17:00;PUL-06;TORRE WTG;INSPEÇÃO DE QUALIDADE DE AEROGERADOR;1
BJS;2026-02-20 08:00:00;2026-02-20 09:35:00;PUL-06;SISTEMA PITCH;INSPEÇÃO DE QUALIDADE DE AEROGERADOR;1
BJS;2026-02-20 08:00:00;2026-02-20 09:42:00;PUL-06;NACELLE;INSPEÇÃO DE QUALIDADE DE AEROGERADOR;1
BJS;2026-02-20 08:00:00;2026-02-20 09:43:00;PUL-06;GERADOR;INSPEÇÃO DE QUALIDADE DE AEROGERADOR;1
BJS;2026-02-20 08:00:00;2026-02-20 10:48:00;PUL-06;CONVERSOR;INSPEÇÃO DE QUALIDADE DE AEROGERADOR;1
BJS;2026-02-23 08:00:00;2026-02-23 14:08:00;PUL-12;GERADOR;INSPEÇÃO DE MANUTENÇÃO PREVENTIVA ANUAL;1
BJS;2026-02-23 08:00:00;2026-02-23 14:29:00;PUL-12;NACELLE;INSPEÇÃO DE MANUTENÇÃO PREVENTIVA ANUAL;1
BJS;2026-02-23 08:00:00;2026-02-23 15:00:00;PUL-12;SISTEMA PITCH;INSPEÇÃO DE MANUTENÇÃO PREVENTIVA ANUAL;1
BJS;2026-02-23 08:00:00;2026-02-23 15:02:00;PUL-12;TORRE WTG;INSPEÇÃO DE MANUTENÇÃO PREVENTIVA ANUAL;1
BJS;2026-02-23 08:00:00;2026-03-03 11:00:00;PUL-12;AEROGERADOR;AVALIAÇÃO DE EQUIPE;1
BJS;2026-03-03 08:00:00;2026-03-03 11:00:00;PUL-12;CONVERSOR;INSPEÇÃO DE MANUTENÇÃO PREVENTIVA ANUAL;1
BJS;2026-03-04 08:00:00;2026-03-04 11:26:00;PUL-17;SISTEMA PITCH;INSPEÇÃO DE MANUTENÇÃO PREVENTIVA ANUAL;1
BJS;2026-03-04 08:00:00;2026-03-04 11:42:00;PUL-17;NACELLE;INSPEÇÃO DE MANUTENÇÃO PREVENTIVA ANUAL;1
BJS;2026-03-04 08:00:00;2026-03-04 11:45:00;PUL-17;GERADOR;INSPEÇÃO DE MANUTENÇÃO PREVENTIVA ANUAL;1
BJS;2026-03-04 08:00:00;2026-03-04 15:07:00;PUL-17;TORRE WTG;INSPEÇÃO DE MANUTENÇÃO PREVENTIVA ANUAL;1
BJS;2026-03-11 08:00:00;2026-03-11 10:13:00;PUL-17;CONVERSOR;INSPEÇÃO DE MANUTENÇÃO PREVENTIVA ANUAL;1
BJS;2026-03-11 08:00:00;2026-03-11 10:17:00;PUL-17;AEROGERADOR;AVALIAÇÃO DE EQUIPE;1
BJS;2026-03-11 13:00:00;2026-03-11 13:46:00;RDO-01;GERADOR;INSPEÇÃO DE MANUTENÇÃO PREVENTIVA ANUAL;1
BJS;2026-03-11 13:00:00;2026-03-11 13:55:00;RDO-01;SISTEMA PITCH;INSPEÇÃO DE MANUTENÇÃO PREVENTIVA ANUAL;1
BJS;2026-03-11 13:00:00;2026-03-11 14:33:00;RDO-01;NACELLE;INSPEÇÃO DE MANUTENÇÃO PREVENTIVA ANUAL;1
BJS;2026-03-11 13:00:00;2026-03-11 15:02:00;RDO-01;TORRE WTG;INSPEÇÃO DE MANUTENÇÃO PREVENTIVA ANUAL;1
BJS;2026-03-12 08:00:00;2026-03-12 09:55:00;PUL-15;TORRE WTG;INSPEÇÃO DE QUALIDADE DE AEROGERADOR;1
BJS;2026-03-12 08:00:00;2026-03-12 10:04:00;PUL-15;GERADOR;INSPEÇÃO DE QUALIDADE DE AEROGERADOR;1
BJS;2026-03-12 08:00:00;2026-03-12 10:23:00;PUL-15;SISTEMA PITCH;INSPEÇÃO DE QUALIDADE DE AEROGERADOR;1
BJS;2026-03-12 08:00:00;2026-03-12 10:42:00;PUL-15;NACELLE;INSPEÇÃO DE QUALIDADE DE AEROGERADOR;1
BJS;2026-03-12 08:00:00;2026-03-12 11:28:00;PUL-15;CONVERSOR;INSPEÇÃO DE QUALIDADE DE AEROGERADOR;1
BJS;2026-03-12 08:00:00;2026-03-12 11:35:00;PUL-15;AEROGERADOR;APR - PT;1
BJS;2026-03-23 08:00:00;2026-03-23 10:09:00;PUL-20;TORRE WTG;INSPEÇÃO DE QUALIDADE DE AEROGERADOR;1
BJS;2026-03-23 08:00:00;2026-03-23 10:11:00;PUL-20;GERADOR;INSPEÇÃO DE QUALIDADE DE AEROGERADOR;1
BJS;2026-03-23 08:00:00;2026-03-23 10:12:00;PUL-20;SISTEMA PITCH;INSPEÇÃO DE QUALIDADE DE AEROGERADOR;1
BJS;2026-03-23 08:00:00;2026-03-23 10:26:00;PUL-20;NACELLE;INSPEÇÃO DE QUALIDADE DE AEROGERADOR;1
BJS;2026-03-23 08:00:00;2026-03-23 11:20:00;PUL-20;CONVERSOR;INSPEÇÃO DE QUALIDADE DE AEROGERADOR;1
BJS;2026-03-23 08:00:00;2026-03-23 11:21:00;PUL-20;AEROGERADOR;APR - PT;1
BJS;2026-03-25 08:00:00;2026-03-25 10:59:00;RDO-01;CONVERSOR;INSPEÇÃO DE MANUTENÇÃO PREVENTIVA ANUAL;1
BJS;2026-03-25 08:00:00;2026-03-25 11:02:00;RDO-01;AEROGERADOR;AVALIAÇÃO DE EQUIPE;1
BJS;2026-03-26 08:00:00;2026-03-26 11:34:00;RDO-10;NACELLE;INSPEÇÃO DE MANUTENÇÃO PREVENTIVA ANUAL;1
BJS;2026-03-26 08:00:00;2026-03-26 13:59:00;RDO-10;GERADOR;INSPEÇÃO DE MANUTENÇÃO PREVENTIVA ANUAL;1
BJS;2026-03-26 08:00:00;2026-03-26 14:45:00;RDO-10;SISTEMA PITCH;INSPEÇÃO DE MANUTENÇÃO PREVENTIVA ANUAL;1
BJS;2026-03-26 08:00:00;2026-03-26 15:23:00;RDO-10;TORRE WTG;INSPEÇÃO DE MANUTENÇÃO PREVENTIVA ANUAL;1
BJS;2026-04-09 08:00:00;2026-04-09 08:47:00;RDO-02;TORRE WTG;INSPEÇÃO DE QUALIDADE DE AEROGERADOR;1
BJS;2026-04-09 08:00:00;2026-04-09 09:33:00;RDO-02;SISTEMA PITCH;INSPEÇÃO DE QUALIDADE DE AEROGERADOR;1
BJS;2026-04-09 08:00:00;2026-04-09 09:34:00;RDO-02;NACELLE;INSPEÇÃO DE QUALIDADE DE AEROGERADOR;1
BJS;2026-04-09 08:00:00;2026-04-09 09:35:00;RDO-02;GERADOR;INSPEÇÃO DE QUALIDADE DE AEROGERADOR;1
BJS;2026-04-09 08:00:00;2026-04-09 10:17:00;RDO-02;AEROGERADOR;APR - PT;1
BJS;2026-04-09 08:00:00;2026-04-09 10:17:00;RDO-02;CONVERSOR;INSPEÇÃO DE QUALIDADE DE AEROGERADOR;1
BJS;2026-04-10 08:00:00;2026-04-10 10:28:00;RDO-10;CONVERSOR;INSPEÇÃO DE MANUTENÇÃO PREVENTIVA ANUAL;1
BJS;2026-04-10 08:00:00;2026-04-10 10:30:00;RDO-10;AEROGERADOR;AVALIAÇÃO DE EQUIPE;1
BJS;2026-04-16 08:00:00;2026-04-16 09:40:00;RDO-09;TORRE WTG;INSPEÇÃO DE QUALIDADE DE AEROGERADOR;1
BJS;2026-04-16 08:00:00;2026-04-16 09:42:00;RDO-09;SISTEMA PITCH;INSPEÇÃO DE QUALIDADE DE AEROGERADOR;1
BJS;2026-04-16 08:00:00;2026-04-16 09:44:00;RDO-09;NACELLE;INSPEÇÃO DE QUALIDADE DE AEROGERADOR;1
BJS;2026-04-16 08:00:00;2026-04-16 09:46:00;RDO-09;GERADOR;INSPEÇÃO DE QUALIDADE DE AEROGERADOR;1
BJS;2026-04-16 08:00:00;2026-04-16 10:43:00;RDO-09;AEROGERADOR;APR - PT;1
BJS;2026-04-16 08:00:00;2026-04-16 10:43:00;RDO-09;CONVERSOR;INSPEÇÃO DE QUALIDADE DE AEROGERADOR;1
BJS;2026-04-24 08:00:00;2026-04-24 10:45:00;RDO-16;GERADOR;INSPEÇÃO DE MANUTENÇÃO PREVENTIVA ANUAL;1
BJS;2026-04-24 08:00:00;2026-04-24 11:32:00;RDO-16;SISTEMA PITCH;INSPEÇÃO DE MANUTENÇÃO PREVENTIVA ANUAL;1
BJS;2026-04-24 08:00:00;2026-04-24 13:11:00;RDO-16;NACELLE;INSPEÇÃO DE MANUTENÇÃO PREVENTIVA ANUAL;1
BJS;2026-04-24 08:00:00;2026-04-24 14:38:00;RDO-16;TORRE WTG;INSPEÇÃO DE MANUTENÇÃO PREVENTIVA ANUAL;1
BJS;2026-04-29 08:00:00;2026-04-29 12:00:00;RDO-16;AEROGERADOR;AVALIAÇÃO DE EQUIPE;1
BJS;2026-04-29 08:00:00;2026-04-29 12:00:00;RDO-16;CONVERSOR;INSPEÇÃO DE MANUTENÇÃO PREVENTIVA ANUAL;1
BJS;2026-05-12 08:00:00;2026-05-12 11:38:00;STO-02;GERADOR;INSPEÇÃO DE MANUTENÇÃO PREVENTIVA ANUAL;1
BJS;2026-05-12 08:00:00;2026-05-12 13:40:00;STO-02;NACELLE;INSPEÇÃO DE MANUTENÇÃO PREVENTIVA ANUAL;1
BJS;2026-05-12 08:00:00;2026-05-12 13:56:00;STO-02;SISTEMA PITCH;INSPEÇÃO DE MANUTENÇÃO PREVENTIVA ANUAL;1
BJS;2026-05-12 08:00:00;2026-05-12 15:36:00;STO-02;TORRE WTG;INSPEÇÃO DE MANUTENÇÃO PREVENTIVA ANUAL;1
BJS;2026-05-13 13:30:00;2026-05-13 15:59:00;STO-02;AEROGERADOR;AVALIAÇÃO DE EQUIPE;1
BJS;2026-05-13 13:30:00;2026-05-13 16:00:00;STO-02;CONVERSOR;INSPEÇÃO DE MANUTENÇÃO PREVENTIVA ANUAL;1
BJS;2026-05-22 08:00:00;2026-05-22 09:58:00;STO-01;TORRE WTG;INSPEÇÃO DE QUALIDADE DE AEROGERADOR;1
BJS;2026-05-22 08:00:00;2026-05-22 10:30:00;STO-01;SISTEMA PITCH;INSPEÇÃO DE QUALIDADE DE AEROGERADOR;1
BJS;2026-05-22 08:00:00;2026-05-22 10:31:00;STO-01;GERADOR;INSPEÇÃO DE QUALIDADE DE AEROGERADOR;1
BJS;2026-05-22 08:00:00;2026-05-22 10:35:00;STO-01;NACELLE;INSPEÇÃO DE QUALIDADE DE AEROGERADOR;1
BJS;2026-05-22 08:00:00;2026-05-22 11:19:00;STO-01;AEROGERADOR;APR - PT;1
BJS;2026-05-22 08:00:00;2026-05-22 11:19:00;STO-01;CONVERSOR;INSPEÇÃO DE QUALIDADE DE AEROGERADOR;1
BJS;2026-05-26 08:00:00;2026-05-27 11:42:00;BJS-07;GERADOR;INSPEÇÃO DE MANUTENÇÃO PREVENTIVA ANUAL;1
BJS;2026-05-26 08:00:00;2026-05-27 13:45:00;BJS-07;SISTEMA PITCH;INSPEÇÃO DE MANUTENÇÃO PREVENTIVA ANUAL;1
BJS;2026-05-26 08:00:00;2026-05-27 14:04:00;BJS-07;NACELLE;INSPEÇÃO DE MANUTENÇÃO PREVENTIVA ANUAL;1
BJS;2026-05-26 08:00:00;2026-05-27 15:02:00;BJS-07;TORRE WTG;INSPEÇÃO DE MANUTENÇÃO PREVENTIVA ANUAL;1
BJS;2026-05-26 08:00:00;2026-05-27 15:03:00;BJS-07;AEROGERADOR;APR - PT;1
BJS;2026-06-08 08:00:00;2026-06-08 10:07:00;BJS-07;AEROGERADOR;AVALIAÇÃO DE EQUIPE;1
BJS;2026-06-08 08:00:00;2026-06-08 10:32:00;BJS-07;CONVERSOR;INSPEÇÃO DE MANUTENÇÃO PREVENTIVA ANUAL;1
BJS;2026-06-15 08:00:00;2026-06-15 09:30:00;BJS-06;TORRE WTG;INSPEÇÃO DE QUALIDADE DE AEROGERADOR;1
BJS;2026-06-15 08:00:00;2026-06-15 09:38:00;BJS-06;SISTEMA PITCH;INSPEÇÃO DE QUALIDADE DE AEROGERADOR;1
BJS;2026-06-15 08:00:00;2026-06-15 09:40:00;BJS-06;GERADOR;INSPEÇÃO DE QUALIDADE DE AEROGERADOR;1
BJS;2026-06-15 08:00:00;2026-06-15 10:00:00;BJS-06;NACELLE;INSPEÇÃO DE QUALIDADE DE AEROGERADOR;1
BJS;2026-06-15 08:00:00;2026-06-15 10:35:00;BJS-06;AEROGERADOR;APR - PT;1
BJS;2026-06-15 08:00:00;2026-06-15 10:35:00;BJS-06;CONVERSOR;INSPEÇÃO DE QUALIDADE DE AEROGERADOR;1
BJS;2026-06-17 08:00:00;2026-06-17 10:15:00;BJS-14;GERADOR;INSPEÇÃO DE MANUTENÇÃO PREVENTIVA ANUAL;1
BJS;2026-06-17 08:00:00;2026-06-17 12:52:00;BJS-14;NACELLE;INSPEÇÃO DE MANUTENÇÃO PREVENTIVA ANUAL;1
BJS;2026-06-17 08:00:00;2026-06-17 12:55:00;BJS-14;AEROGERADOR;APR - PT;1
BJS;2026-06-17 08:00:00;2026-06-17 12:55:00;BJS-14;SISTEMA PITCH;INSPEÇÃO DE MANUTENÇÃO PREVENTIVA ANUAL;1
BJS;2026-06-17 08:00:00;2026-06-17 12:56:00;BJS-14;TORRE WTG;INSPEÇÃO DE MANUTENÇÃO PREVENTIVA ANUAL;1
BJS;2026-06-26 08:00:00;2026-06-26 09:25:00;BJS-11;TORRE WTG;INSPEÇÃO DE QUALIDADE DE AEROGERADOR;1
BJS;2026-06-26 08:00:00;2026-06-26 10:09:00;BJS-11;SISTEMA PITCH;INSPEÇÃO DE QUALIDADE DE AEROGERADOR;1
BJS;2026-06-26 08:00:00;2026-06-26 10:11:00;BJS-11;NACELLE;INSPEÇÃO DE QUALIDADE DE AEROGERADOR;1
BJS;2026-06-26 08:00:00;2026-06-26 10:12:00;BJS-11;GERADOR;INSPEÇÃO DE QUALIDADE DE AEROGERADOR;1
BJS;2026-06-26 08:00:00;2026-06-26 11:20:00;BJS-11;CONVERSOR;INSPEÇÃO DE QUALIDADE DE AEROGERADOR;1
BJS;2026-06-26 08:00:00;2026-06-26 11:21:00;BJS-11;AEROGERADOR;APR - PT;1
BJS;2026-07-15 08:00:00;2026-07-15 11:10:00;BJS-20;GERADOR;INSPEÇÃO DE MANUTENÇÃO PREVENTIVA ANUAL;1
BJS;2026-07-15 08:00:00;2026-07-15 15:18:00;BJS-20;NACELLE;INSPEÇÃO DE MANUTENÇÃO PREVENTIVA ANUAL;1
BJS;2026-07-15 08:00:00;2026-07-15 15:20:00;BJS-20;AEROGERADOR;APR - PT;1
BJS;2026-07-15 08:00:00;2026-07-15 15:20:00;BJS-20;SISTEMA PITCH;INSPEÇÃO DE MANUTENÇÃO PREVENTIVA ANUAL;1
BJS;2026-07-15 08:00:00;2026-07-16 11:24:00;BJS-20;TORRE WTG;INSPEÇÃO DE MANUTENÇÃO PREVENTIVA ANUAL;1
BJS;2026-07-16 13:40:00;2026-07-16 14:28:00;STO-01;SISTEMA PITCH;MPP1 - INSPEÇÃO EXTERNA DE AEROGERADOR - M6;1
BJS;2026-07-16 13:40:00;2026-07-16 14:35:00;STO-01;NACELLE;MPP1 - INSPEÇÃO EXTERNA DE AEROGERADOR - M6;1
BJS;2026-07-16 13:40:00;2026-07-16 14:35:00;STO-01;TORRE WTG;MPP1 - INSPEÇÃO EXTERNA DE AEROGERADOR - M6;1
BJS;2026-07-16 13:40:00;2026-07-16 14:36:00;STO-01;GERADOR;MPP1 - INSPEÇÃO EXTERNA DE AEROGERADOR - M6;1
BJS;2026-07-16 13:40:00;2026-07-16 14:37:00;STO-01;CONVERSOR;MPP1 - INSPEÇÃO EXTERNA DE AEROGERADOR - M6;1
BJS;2026-07-16 13:40:00;2026-07-16 14:52:00;STO-02;CONVERSOR;MPP1 - INSPEÇÃO EXTERNA DE AEROGERADOR - M6;1
BJS;2026-07-16 13:40:00;2026-07-16 14:54:00;STO-02;SISTEMA PITCH;MPP1 - INSPEÇÃO EXTERNA DE AEROGERADOR - M6;1
BJS;2026-07-16 13:40:00;2026-07-16 14:59:00;STO-02;TORRE WTG;MPP1 - INSPEÇÃO EXTERNA DE AEROGERADOR - M6;1
BJS;2026-07-16 13:40:00;2026-07-16 15:00:00;STO-02;GERADOR;MPP1 - INSPEÇÃO EXTERNA DE AEROGERADOR - M6;1
BJS;2026-07-16 13:40:00;2026-07-16 15:00:00;STO-02;NACELLE;MPP1 - INSPEÇÃO EXTERNA DE AEROGERADOR - M6;1
BJS;2026-07-16 13:40:00;2026-07-16 15:01:00;STO-01;AEROGERADOR;APR - PT;1
BJS;2026-07-22 13:10:00;2026-07-22 14:57:00;BJS-20;AEROGERADOR;AVALIAÇÃO DE EQUIPE;1
BJS;2026-07-22 13:10:00;2026-07-22 14:59:00;BJS-20;CONVERSOR;INSPEÇÃO DE MANUTENÇÃO PREVENTIVA ANUAL;1
BJS;2026-07-23 08:00:00;2026-07-23 08:33:00;BJS-12;GERADOR;MPP1 - INSPEÇÃO EXTERNA DE AEROGERADOR - M6;1
BJS;2026-07-23 08:00:00;2026-07-23 08:34:00;BJS-12;NACELLE;MPP1 - INSPEÇÃO EXTERNA DE AEROGERADOR - M6;1
BJS;2026-07-23 08:00:00;2026-07-23 08:36:00;BJS-12;CONVERSOR;MPP1 - INSPEÇÃO EXTERNA DE AEROGERADOR - M6;1
BJS;2026-07-23 08:00:00;2026-07-23 08:36:00;BJS-12;SISTEMA PITCH;MPP1 - INSPEÇÃO EXTERNA DE AEROGERADOR - M6;1
BJS;2026-07-23 08:00:00;2026-07-23 08:41:00;BJS-12;TORRE WTG;MPP1 - INSPEÇÃO EXTERNA DE AEROGERADOR - M6;1
BJS;2026-07-23 08:00:00;2026-07-23 08:44:00;BJS-13;GERADOR;MPP1 - INSPEÇÃO EXTERNA DE AEROGERADOR - M6;1
BJS;2026-07-23 08:00:00;2026-07-23 08:45:00;BJS-13;NACELLE;MPP1 - INSPEÇÃO EXTERNA DE AEROGERADOR - M6;1
BJS;2026-07-23 08:00:00;2026-07-23 08:48:00;BJS-13;TORRE WTG;MPP1 - INSPEÇÃO EXTERNA DE AEROGERADOR - M6;1
BJS;2026-07-23 08:00:00;2026-07-23 08:49:00;BJS-13;CONVERSOR;MPP1 - INSPEÇÃO EXTERNA DE AEROGERADOR - M6;1
BJS;2026-07-23 08:00:00;2026-07-23 08:50:00;BJS-13;SISTEMA PITCH;MPP1 - INSPEÇÃO EXTERNA DE AEROGERADOR - M6;1
BJS;2026-07-23 08:00:00;2026-07-23 08:57:00;BJS-11;GERADOR;MPP1 - INSPEÇÃO EXTERNA DE AEROGERADOR - M6;1
BJS;2026-07-23 08:00:00;2026-07-23 08:58:00;BJS-11;NACELLE;MPP1 - INSPEÇÃO EXTERNA DE AEROGERADOR - M6;1
BJS;2026-07-23 08:00:00;2026-07-23 09:01:00;BJS-11;SISTEMA PITCH;MPP1 - INSPEÇÃO EXTERNA DE AEROGERADOR - M6;1
BJS;2026-07-23 08:00:00;2026-07-23 09:01:00;BJS-11;TORRE WTG;MPP1 - INSPEÇÃO EXTERNA DE AEROGERADOR - M6;1
BJS;2026-07-23 08:00:00;2026-07-23 09:02:00;BJS-11;CONVERSOR;MPP1 - INSPEÇÃO EXTERNA DE AEROGERADOR - M6;1
BJS;2026-07-23 08:00:00;2026-07-23 09:15:00;BJS-20;CONVERSOR;MPP1 - INSPEÇÃO EXTERNA DE AEROGERADOR - M6;1
BJS;2026-07-23 08:00:00;2026-07-23 09:16:00;BJS-20;SISTEMA PITCH;MPP1 - INSPEÇÃO EXTERNA DE AEROGERADOR - M6;1
BJS;2026-07-23 08:00:00;2026-07-23 09:17:00;BJS-20;GERADOR;MPP1 - INSPEÇÃO EXTERNA DE AEROGERADOR - M6;1
BJS;2026-07-23 08:00:00;2026-07-23 09:20:00;BJS-20;NACELLE;MPP1 - INSPEÇÃO EXTERNA DE AEROGERADOR - M6;1
BJS;2026-07-23 08:00:00;2026-07-23 09:21:00;BJS-20;TORRE WTG;MPP1 - INSPEÇÃO EXTERNA DE AEROGERADOR - M6;1
BJS;2026-07-23 08:00:00;2026-07-23 09:24:00;BJS-19;GERADOR;MPP1 - INSPEÇÃO EXTERNA DE AEROGERADOR - M6;1
BJS;2026-07-23 08:00:00;2026-07-23 09:25:00;BJS-19;NACELLE;MPP1 - INSPEÇÃO EXTERNA DE AEROGERADOR - M6;1
BJS;2026-07-23 08:00:00;2026-07-23 09:26:00;BJS-19;TORRE WTG;MPP1 - INSPEÇÃO EXTERNA DE AEROGERADOR - M6;1
BJS;2026-07-23 08:00:00;2026-07-23 09:27:00;BJS-19;SISTEMA PITCH;MPP1 - INSPEÇÃO EXTERNA DE AEROGERADOR - M6;1
BJS;2026-07-23 08:00:00;2026-07-23 09:28:00;BJS-19;CONVERSOR;MPP1 - INSPEÇÃO EXTERNA DE AEROGERADOR - M6;1
BJS;2026-07-23 08:00:00;2026-07-23 09:32:00;BJS-18;GERADOR;MPP1 - INSPEÇÃO EXTERNA DE AEROGERADOR - M6;1
BJS;2026-07-23 08:00:00;2026-07-23 09:33:00;BJS-18;NACELLE;MPP1 - INSPEÇÃO EXTERNA DE AEROGERADOR - M6;1
BJS;2026-07-23 08:00:00;2026-07-23 09:34:00;BJS-18;TORRE WTG;MPP1 - INSPEÇÃO EXTERNA DE AEROGERADOR - M6;1
BJS;2026-07-23 08:00:00;2026-07-23 09:35:00;BJS-18;CONVERSOR;MPP1 - INSPEÇÃO EXTERNA DE AEROGERADOR - M6;1
BJS;2026-07-23 08:00:00;2026-07-23 09:35:00;BJS-18;SISTEMA PITCH;MPP1 - INSPEÇÃO EXTERNA DE AEROGERADOR - M6;1
BJS;2026-07-23 08:00:00;2026-07-23 09:45:00;BJS-18;AEROGERADOR;APR - PT;1
BJS;2026-07-23 08:00:00;2026-07-23 13:21:00;BJS-17;GERADOR;MPP1 - INSPEÇÃO EXTERNA DE AEROGERADOR - M6;1
BJS;2026-07-23 08:00:00;2026-07-23 13:22:00;BJS-17;NACELLE;MPP1 - INSPEÇÃO EXTERNA DE AEROGERADOR - M6;1
BJS;2026-07-23 08:00:00;2026-07-23 13:24:00;BJS-17;SISTEMA PITCH;MPP1 - INSPEÇÃO EXTERNA DE AEROGERADOR - M6;1
BJS;2026-07-23 08:00:00;2026-07-23 13:24:00;BJS-17;TORRE WTG;MPP1 - INSPEÇÃO EXTERNA DE AEROGERADOR - M6;1
BJS;2026-07-23 08:00:00;2026-07-23 13:25:00;BJS-17;CONVERSOR;MPP1 - INSPEÇÃO EXTERNA DE AEROGERADOR - M6;1
BJS;2026-07-23 08:00:00;2026-07-23 13:33:00;BJS-16;GERADOR;MPP1 - INSPEÇÃO EXTERNA DE AEROGERADOR - M6;1
BJS;2026-07-23 08:00:00;2026-07-23 13:34:00;BJS-16;NACELLE;MPP1 - INSPEÇÃO EXTERNA DE AEROGERADOR - M6;1
BJS;2026-07-23 08:00:00;2026-07-23 13:35:00;BJS-16;TORRE WTG;MPP1 - INSPEÇÃO EXTERNA DE AEROGERADOR - M6;1
BJS;2026-07-23 08:00:00;2026-07-23 13:36:00;BJS-16;CONVERSOR;MPP1 - INSPEÇÃO EXTERNA DE AEROGERADOR - M6;1
BJS;2026-07-23 08:00:00;2026-07-23 13:36:00;BJS-16;SISTEMA PITCH;MPP1 - INSPEÇÃO EXTERNA DE AEROGERADOR - M6;1
BJS;2026-07-23 08:00:00;2026-07-23 13:43:00;BJS-15;GERADOR;MPP1 - INSPEÇÃO EXTERNA DE AEROGERADOR - M6;1
BJS;2026-07-23 08:00:00;2026-07-23 13:43:00;BJS-15;TORRE WTG;MPP1 - INSPEÇÃO EXTERNA DE AEROGERADOR - M6;1
BJS;2026-07-23 08:00:00;2026-07-23 13:44:00;BJS-15;NACELLE;MPP1 - INSPEÇÃO EXTERNA DE AEROGERADOR - M6;1
BJS;2026-07-23 08:00:00;2026-07-23 13:45:00;BJS-15;CONVERSOR;MPP1 - INSPEÇÃO EXTERNA DE AEROGERADOR - M6;1
BJS;2026-07-23 08:00:00;2026-07-23 13:45:00;BJS-15;SISTEMA PITCH;MPP1 - INSPEÇÃO EXTERNA DE AEROGERADOR - M6;1
BJS;2026-07-23 08:00:00;2026-07-23 13:50:00;BJS-14;GERADOR;MPP1 - INSPEÇÃO EXTERNA DE AEROGERADOR - M6;1
BJS;2026-07-23 08:00:00;2026-07-23 13:51:00;BJS-14;NACELLE;MPP1 - INSPEÇÃO EXTERNA DE AEROGERADOR - M6;1
BJS;2026-07-23 08:00:00;2026-07-23 13:54:00;BJS-14;TORRE WTG;MPP1 - INSPEÇÃO EXTERNA DE AEROGERADOR - M6;1
BJS;2026-07-23 08:00:00;2026-07-23 13:56:00;BJS-14;CONVERSOR;MPP1 - INSPEÇÃO EXTERNA DE AEROGERADOR - M6;1
BJS;2026-07-23 08:00:00;2026-07-23 13:56:00;BJS-14;SISTEMA PITCH;MPP1 - INSPEÇÃO EXTERNA DE AEROGERADOR - M6;1
BJS;2026-07-23 08:00:00;2026-07-23 13:59:00;BJS-14;CONVERSOR;INSPEÇÃO DE MANUTENÇÃO PREVENTIVA ANUAL;1
BJS;2026-07-23 08:00:00;2026-07-23 14:00:00;BJS-14;AEROGERADOR;AVALIAÇÃO DE EQUIPE;1
CE;2026-01-07 08:00:00;2026-01-07 08:10:00;PPG-WS;FERRAMENTAS EQUIPAMENTOS DE ENSAIO E MEDIÇÃO;MPP6 - AUDITORIA DE FERRAMENTAS - M6;1
CE;2026-01-07 08:00:00;2026-01-07 08:18:00;PPG-WS;FERRAMENTAS EQUIPAMENTOS DE ENSAIO E MEDIÇÃO;MPP6 - AUDITORIA DE FERRAMENTAS - M6;1
CE;2026-01-07 08:00:00;2026-01-07 08:30:00;PPG-00;FERRAMENTAS EQUIPAMENTOS DE ENSAIO E MEDIÇÃO;MPP6 - AUDITORIA DE FERRAMENTAS - M6;1
CE;2026-01-07 08:00:00;2026-01-07 08:30:00;PPG-01;FERRAMENTAS EQUIPAMENTOS DE ENSAIO E MEDIÇÃO;MPP6 - AUDITORIA DE FERRAMENTAS - M6;1
CE;2026-01-07 08:00:00;2026-01-07 08:30:00;PPG-02;FERRAMENTAS EQUIPAMENTOS DE ENSAIO E MEDIÇÃO;MPP6 - AUDITORIA DE FERRAMENTAS - M6;1
CE;2026-01-07 08:00:00;2026-01-07 08:30:00;PPG-10;FERRAMENTAS EQUIPAMENTOS DE ENSAIO E MEDIÇÃO;MPP6 - AUDITORIA DE FERRAMENTAS - M6;1
CE;2026-01-07 08:00:00;2026-01-07 08:30:00;PPG-14;FERRAMENTAS EQUIPAMENTOS DE ENSAIO E MEDIÇÃO;MPP6 - AUDITORIA DE FERRAMENTAS - M6;1
CE;2026-01-07 08:00:00;2026-01-07 08:30:00;PPG-17;FERRAMENTAS EQUIPAMENTOS DE ENSAIO E MEDIÇÃO;MPP6 - AUDITORIA DE FERRAMENTAS - M6;1
CE;2026-01-07 08:00:00;2026-01-07 08:30:00;PPG-29;FERRAMENTAS EQUIPAMENTOS DE ENSAIO E MEDIÇÃO;MPP6 - AUDITORIA DE FERRAMENTAS - M6;1
CE;2026-01-07 08:00:00;2026-01-07 08:30:00;PPG-2K;FERRAMENTAS EQUIPAMENTOS DE ENSAIO E MEDIÇÃO;MPP6 - AUDITORIA DE FERRAMENTAS - M6;1
CE;2026-01-07 08:00:00;2026-01-07 08:30:00;PPG-30;FERRAMENTAS EQUIPAMENTOS DE ENSAIO E MEDIÇÃO;MPP6 - AUDITORIA DE FERRAMENTAS - M6;1
CE;2026-01-07 08:00:00;2026-01-07 08:30:00;PPG-41;FERRAMENTAS EQUIPAMENTOS DE ENSAIO E MEDIÇÃO;MPP6 - AUDITORIA DE FERRAMENTAS - M6;1
CE;2026-01-07 08:00:00;2026-01-07 08:30:00;PPG-44;FERRAMENTAS EQUIPAMENTOS DE ENSAIO E MEDIÇÃO;MPP6 - AUDITORIA DE FERRAMENTAS - M6;1
CE;2026-01-07 08:00:00;2026-01-07 08:30:00;PPG-45;FERRAMENTAS EQUIPAMENTOS DE ENSAIO E MEDIÇÃO;MPP6 - AUDITORIA DE FERRAMENTAS - M6;1
CE;2026-01-07 08:00:00;2026-01-07 08:30:00;PPG-55;FERRAMENTAS EQUIPAMENTOS DE ENSAIO E MEDIÇÃO;MPP6 - AUDITORIA DE FERRAMENTAS - M6;1
CE;2026-01-07 08:00:00;2026-01-07 08:30:00;PPG-5D;FERRAMENTAS EQUIPAMENTOS DE ENSAIO E MEDIÇÃO;MPP6 - AUDITORIA DE FERRAMENTAS - M6;1
CE;2026-01-07 08:00:00;2026-01-07 08:30:00;PPG-63;FERRAMENTAS EQUIPAMENTOS DE ENSAIO E MEDIÇÃO;MPP6 - AUDITORIA DE FERRAMENTAS - M6;1
CE;2026-01-07 08:00:00;2026-01-07 08:30:00;PPG-6C;FERRAMENTAS EQUIPAMENTOS DE ENSAIO E MEDIÇÃO;MPP6 - AUDITORIA DE FERRAMENTAS - M6;1
CE;2026-01-07 08:00:00;2026-01-07 08:30:00;PPG-78;FERRAMENTAS EQUIPAMENTOS DE ENSAIO E MEDIÇÃO;MPP6 - AUDITORIA DE FERRAMENTAS - M6;1
CE;2026-01-07 08:00:00;2026-01-07 08:30:00;PPG-7C;FERRAMENTAS EQUIPAMENTOS DE ENSAIO E MEDIÇÃO;MPP6 - AUDITORIA DE FERRAMENTAS - M6;1
CE;2026-01-07 08:00:00;2026-01-07 08:30:00;PPG-89;FERRAMENTAS EQUIPAMENTOS DE ENSAIO E MEDIÇÃO;MPP6 - AUDITORIA DE FERRAMENTAS - M6;1
CE;2026-01-07 08:00:00;2026-01-07 08:30:00;PPG-91;FERRAMENTAS EQUIPAMENTOS DE ENSAIO E MEDIÇÃO;MPP6 - AUDITORIA DE FERRAMENTAS - M6;1
CE;2026-01-07 08:00:00;2026-01-07 08:30:00;PPG-97;FERRAMENTAS EQUIPAMENTOS DE ENSAIO E MEDIÇÃO;MPP6 - AUDITORIA DE FERRAMENTAS - M6;1
CE;2026-01-07 08:00:00;2026-01-07 08:40:00;PPG-53;FERRAMENTAS EQUIPAMENTOS DE ENSAIO E MEDIÇÃO;MPP6 - AUDITORIA DE FERRAMENTAS - M6;1
CE;2026-01-07 08:00:00;2026-01-07 08:40:00;PPG-67;FERRAMENTAS EQUIPAMENTOS DE ENSAIO E MEDIÇÃO;MPP6 - AUDITORIA DE FERRAMENTAS - M6;1
CE;2026-01-07 08:00:00;2026-01-07 09:00:00;PPG-19;FERRAMENTAS EQUIPAMENTOS DE ENSAIO E MEDIÇÃO;MPP6 - AUDITORIA DE FERRAMENTAS - M6;1
CE;2026-01-07 08:00:00;2026-01-07 09:30:00;PPG-1K;FERRAMENTAS EQUIPAMENTOS DE ENSAIO E MEDIÇÃO;MPP6 - AUDITORIA DE FERRAMENTAS - M6;1
CE;2026-01-07 08:00:00;2026-01-07 10:00:00;PPG-WS;FERRAMENTAS EQUIPAMENTOS DE ENSAIO E MEDIÇÃO;MPP6 - AUDITORIA DE FERRAMENTAS - M6;1
CE;2026-01-07 08:00:00;2026-01-08 00:00:00;PPG--1;FERRAMENTAS EQUIPAMENTOS DE ENSAIO E MEDIÇÃO;MPP6 - AUDITORIA DE FERRAMENTAS - M6;1
CE;2026-01-07 08:00:00;2026-01-08 00:00:00;PPG-11;FERRAMENTAS EQUIPAMENTOS DE ENSAIO E MEDIÇÃO;MPP6 - AUDITORIA DE FERRAMENTAS - M6;2
CE;2026-01-07 08:00:00;2026-01-08 00:00:00;PPG-18;FERRAMENTAS EQUIPAMENTOS DE ENSAIO E MEDIÇÃO;MPP6 - AUDITORIA DE FERRAMENTAS - M6;1
CE;2026-01-07 08:00:00;2026-01-08 00:00:00;PPG-27;FERRAMENTAS EQUIPAMENTOS DE ENSAIO E MEDIÇÃO;MPP6 - AUDITORIA DE FERRAMENTAS - M6;1
CE;2026-01-07 08:00:00;2026-01-08 00:00:00;PPG-30;FERRAMENTAS EQUIPAMENTOS DE ENSAIO E MEDIÇÃO;MPP6 - AUDITORIA DE FERRAMENTAS - M6;1
CE;2026-01-07 08:00:00;2026-01-08 00:00:00;PPG-33;FERRAMENTAS EQUIPAMENTOS DE ENSAIO E MEDIÇÃO;MPP6 - AUDITORIA DE FERRAMENTAS - M6;1
CE;2026-01-07 08:00:00;2026-01-08 00:00:00;PPG-34;FERRAMENTAS EQUIPAMENTOS DE ENSAIO E MEDIÇÃO;MPP6 - AUDITORIA DE FERRAMENTAS - M6;1
CE;2026-01-07 08:00:00;2026-01-08 00:00:00;PPG-38;FERRAMENTAS EQUIPAMENTOS DE ENSAIO E MEDIÇÃO;MPP6 - AUDITORIA DE FERRAMENTAS - M6;1
CE;2026-01-07 08:00:00;2026-01-08 00:00:00;PPG-41;FERRAMENTAS EQUIPAMENTOS DE ENSAIO E MEDIÇÃO;MPP6 - AUDITORIA DE FERRAMENTAS - M6;2
CE;2026-01-07 08:00:00;2026-01-08 00:00:00;PPG-53;FERRAMENTAS EQUIPAMENTOS DE ENSAIO E MEDIÇÃO;MPP6 - AUDITORIA DE FERRAMENTAS - M6;1
CE;2026-01-07 08:00:00;2026-01-08 00:00:00;PPG-56;FERRAMENTAS EQUIPAMENTOS DE ENSAIO E MEDIÇÃO;MPP6 - AUDITORIA DE FERRAMENTAS - M6;1
CE;2026-01-07 08:00:00;2026-01-08 00:00:00;PPG-57;FERRAMENTAS EQUIPAMENTOS DE ENSAIO E MEDIÇÃO;MPP6 - AUDITORIA DE FERRAMENTAS - M6;1
CE;2026-01-07 08:00:00;2026-01-08 00:00:00;PPG-60;FERRAMENTAS EQUIPAMENTOS DE ENSAIO E MEDIÇÃO;MPP6 - AUDITORIA DE FERRAMENTAS - M6;1
CE;2026-01-07 08:00:00;2026-01-08 00:00:00;PPG-61;FERRAMENTAS EQUIPAMENTOS DE ENSAIO E MEDIÇÃO;MPP6 - AUDITORIA DE FERRAMENTAS - M6;1
CE;2026-01-07 08:00:00;2026-01-08 00:00:00;PPG-67;FERRAMENTAS EQUIPAMENTOS DE ENSAIO E MEDIÇÃO;MPP6 - AUDITORIA DE FERRAMENTAS - M6;1
CE;2026-01-07 08:00:00;2026-01-08 00:00:00;PPG-74;FERRAMENTAS EQUIPAMENTOS DE ENSAIO E MEDIÇÃO;MPP6 - AUDITORIA DE FERRAMENTAS - M6;1
CE;2026-01-07 08:00:00;2026-01-08 00:00:00;PPG-84;FERRAMENTAS EQUIPAMENTOS DE ENSAIO E MEDIÇÃO;MPP6 - AUDITORIA DE FERRAMENTAS - M6;1
CE;2026-01-07 08:00:00;2026-01-08 00:00:00;PPG-85;FERRAMENTAS EQUIPAMENTOS DE ENSAIO E MEDIÇÃO;MPP6 - AUDITORIA DE FERRAMENTAS - M6;1
CE;2026-01-07 08:00:00;2026-01-08 00:00:00;PPG-86;FERRAMENTAS EQUIPAMENTOS DE ENSAIO E MEDIÇÃO;MPP6 - AUDITORIA DE FERRAMENTAS - M6;1
CE;2026-01-07 08:00:00;2026-01-08 00:00:00;PPG-91;FERRAMENTAS EQUIPAMENTOS DE ENSAIO E MEDIÇÃO;MPP6 - AUDITORIA DE FERRAMENTAS - M6;1
CE;2026-01-07 08:00:00;2026-01-08 00:00:00;PPG-94;FERRAMENTAS EQUIPAMENTOS DE ENSAIO E MEDIÇÃO;MPP6 - AUDITORIA DE FERRAMENTAS - M6;1
CE;2026-01-07 08:00:00;2026-01-08 00:00:00;PPG-MV;FERRAMENTAS EQUIPAMENTOS DE ENSAIO E MEDIÇÃO;MPP6 - AUDITORIA DE FERRAMENTAS - M6;7
CE;2026-01-07 08:00:00;2026-01-08 08:00:00;PPG-43;FERRAMENTAS EQUIPAMENTOS DE ENSAIO E MEDIÇÃO;MPP6 - AUDITORIA DE FERRAMENTAS - M6;1
CE;2026-01-07 08:00:00;2026-01-08 08:00:00;PPG-88;FERRAMENTAS EQUIPAMENTOS DE ENSAIO E MEDIÇÃO;MPP6 - AUDITORIA DE FERRAMENTAS - M6;1
CE;2026-01-07 08:00:00;2026-01-08 09:00:00;PPG-06;FERRAMENTAS EQUIPAMENTOS DE ENSAIO E MEDIÇÃO;MPP6 - AUDITORIA DE FERRAMENTAS - M6;1
CE;2026-01-07 08:00:00;2026-01-09 00:00:00;PPG-02;FERRAMENTAS EQUIPAMENTOS DE ENSAIO E MEDIÇÃO;MPP6 - AUDITORIA DE FERRAMENTAS - M6;1
CE;2026-01-07 08:00:00;2026-01-09 00:00:00;PPG-08;FERRAMENTAS EQUIPAMENTOS DE ENSAIO E MEDIÇÃO;MPP6 - AUDITORIA DE FERRAMENTAS - M6;1
CE;2026-01-07 08:00:00;2026-01-09 00:00:00;PPG-11;FERRAMENTAS EQUIPAMENTOS DE ENSAIO E MEDIÇÃO;MPP6 - AUDITORIA DE FERRAMENTAS - M6;1
CE;2026-01-07 08:00:00;2026-01-09 00:00:00;PPG-16;FERRAMENTAS EQUIPAMENTOS DE ENSAIO E MEDIÇÃO;MPP6 - AUDITORIA DE FERRAMENTAS - M6;1
CE;2026-01-07 08:00:00;2026-01-09 00:00:00;PPG-30;FERRAMENTAS EQUIPAMENTOS DE ENSAIO E MEDIÇÃO;MPP6 - AUDITORIA DE FERRAMENTAS - M6;1
CE;2026-01-07 08:00:00;2026-01-09 00:00:00;PPG-32;FERRAMENTAS EQUIPAMENTOS DE ENSAIO E MEDIÇÃO;MPP6 - AUDITORIA DE FERRAMENTAS - M6;1
CE;2026-01-07 08:00:00;2026-01-09 00:00:00;PPG-33;FERRAMENTAS EQUIPAMENTOS DE ENSAIO E MEDIÇÃO;MPP6 - AUDITORIA DE FERRAMENTAS - M6;1
CE;2026-01-07 08:00:00;2026-01-09 00:00:00;PPG-54;FERRAMENTAS EQUIPAMENTOS DE ENSAIO E MEDIÇÃO;MPP6 - AUDITORIA DE FERRAMENTAS - M6;1
CE;2026-01-07 08:00:00;2026-01-09 00:00:00;PPG-68;FERRAMENTAS EQUIPAMENTOS DE ENSAIO E MEDIÇÃO;MPP6 - AUDITORIA DE FERRAMENTAS - M6;1
CE;2026-01-07 08:00:00;2026-01-09 00:00:00;PPG-74;FERRAMENTAS EQUIPAMENTOS DE ENSAIO E MEDIÇÃO;MPP6 - AUDITORIA DE FERRAMENTAS - M6;2
CE;2026-01-07 08:00:00;2026-01-09 00:00:00;PPG-76;FERRAMENTAS EQUIPAMENTOS DE ENSAIO E MEDIÇÃO;MPP6 - AUDITORIA DE FERRAMENTAS - M6;1
CE;2026-01-07 08:00:00;2026-01-09 00:00:00;PPG-90;FERRAMENTAS EQUIPAMENTOS DE ENSAIO E MEDIÇÃO;MPP6 - AUDITORIA DE FERRAMENTAS - M6;1
CE;2026-01-07 08:00:00;2026-01-09 00:00:00;PPG-MV;FERRAMENTAS EQUIPAMENTOS DE ENSAIO E MEDIÇÃO;MPP6 - AUDITORIA DE FERRAMENTAS - M6;7
CE;2026-01-07 08:00:00;2026-01-12 00:00:00;PPG--3;FERRAMENTAS EQUIPAMENTOS DE ENSAIO E MEDIÇÃO;MPP6 - AUDITORIA DE FERRAMENTAS - M6;1
CE;2026-01-07 08:00:00;2026-01-12 00:00:00;PPG--4;FERRAMENTAS EQUIPAMENTOS DE ENSAIO E MEDIÇÃO;MPP6 - AUDITORIA DE FERRAMENTAS - M6;1
CE;2026-01-07 08:00:00;2026-01-12 00:00:00;PPG-00;FERRAMENTAS EQUIPAMENTOS DE ENSAIO E MEDIÇÃO;MPP6 - AUDITORIA DE FERRAMENTAS - M6;1
CE;2026-01-07 08:00:00;2026-01-12 00:00:00;PPG-13;FERRAMENTAS EQUIPAMENTOS DE ENSAIO E MEDIÇÃO;MPP6 - AUDITORIA DE FERRAMENTAS - M6;1
CE;2026-01-07 08:00:00;2026-01-12 00:00:00;PPG-17;FERRAMENTAS EQUIPAMENTOS DE ENSAIO E MEDIÇÃO;MPP6 - AUDITORIA DE FERRAMENTAS - M6;1
CE;2026-01-07 08:00:00;2026-01-12 00:00:00;PPG-29;FERRAMENTAS EQUIPAMENTOS DE ENSAIO E MEDIÇÃO;MPP6 - AUDITORIA DE FERRAMENTAS - M6;1
CE;2026-01-07 08:00:00;2026-01-12 00:00:00;PPG-31;FERRAMENTAS EQUIPAMENTOS DE ENSAIO E MEDIÇÃO;MPP6 - AUDITORIA DE FERRAMENTAS - M6;1
CE;2026-01-07 08:00:00;2026-01-12 00:00:00;PPG-33;FERRAMENTAS EQUIPAMENTOS DE ENSAIO E MEDIÇÃO;MPP6 - AUDITORIA DE FERRAMENTAS - M6;2
CE;2026-01-07 08:00:00;2026-01-12 00:00:00;PPG-37;FERRAMENTAS EQUIPAMENTOS DE ENSAIO E MEDIÇÃO;MPP6 - AUDITORIA DE FERRAMENTAS - M6;1
CE;2026-01-07 08:00:00;2026-01-12 00:00:00;PPG-83;FERRAMENTAS EQUIPAMENTOS DE ENSAIO E MEDIÇÃO;MPP6 - AUDITORIA DE FERRAMENTAS - M6;1
CE;2026-01-07 08:00:00;2026-01-12 00:00:00;PPG-91;FERRAMENTAS EQUIPAMENTOS DE ENSAIO E MEDIÇÃO;MPP6 - AUDITORIA DE FERRAMENTAS - M6;1
CE;2026-01-07 08:00:00;2026-01-12 00:00:00;PPG-96;FERRAMENTAS EQUIPAMENTOS DE ENSAIO E MEDIÇÃO;MPP6 - AUDITORIA DE FERRAMENTAS - M6;1
CE;2026-01-07 08:00:00;2026-01-12 00:00:00;PPG-MV;FERRAMENTAS EQUIPAMENTOS DE ENSAIO E MEDIÇÃO;MPP6 - AUDITORIA DE FERRAMENTAS - M6;2
CE;2026-01-07 08:00:00;2026-01-13 00:00:00;PPG-02;FERRAMENTAS EQUIPAMENTOS DE ENSAIO E MEDIÇÃO;MPP6 - AUDITORIA DE FERRAMENTAS - M6;1
CE;2026-01-07 08:00:00;2026-01-13 00:00:00;PPG-36;FERRAMENTAS EQUIPAMENTOS DE ENSAIO E MEDIÇÃO;MPP6 - AUDITORIA DE FERRAMENTAS - M6;1
CE;2026-01-07 08:00:00;2026-01-13 00:00:00;PPG-48;FERRAMENTAS EQUIPAMENTOS DE ENSAIO E MEDIÇÃO;MPP6 - AUDITORIA DE FERRAMENTAS - M6;2
CE;2026-01-07 08:00:00;2026-01-13 00:00:00;PPG-53;FERRAMENTAS EQUIPAMENTOS DE ENSAIO E MEDIÇÃO;MPP6 - AUDITORIA DE FERRAMENTAS - M6;1
CE;2026-01-07 08:00:00;2026-01-13 00:00:00;PPG-81;FERRAMENTAS EQUIPAMENTOS DE ENSAIO E MEDIÇÃO;MPP6 - AUDITORIA DE FERRAMENTAS - M6;1
CE;2026-01-07 08:00:00;2026-01-13 00:00:00;PPG-MV;FERRAMENTAS EQUIPAMENTOS DE ENSAIO E MEDIÇÃO;MPP6 - AUDITORIA DE FERRAMENTAS - M6;3
CE;2026-01-07 08:00:00;2026-01-14 00:00:00;PPG-18;FERRAMENTAS EQUIPAMENTOS DE ENSAIO E MEDIÇÃO;MPP6 - AUDITORIA DE FERRAMENTAS - M6;1
CE;2026-01-07 08:00:00;2026-01-14 00:00:00;PPG-22;FERRAMENTAS EQUIPAMENTOS DE ENSAIO E MEDIÇÃO;MPP6 - AUDITORIA DE FERRAMENTAS - M6;1
CE;2026-01-07 08:00:00;2026-01-14 00:00:00;PPG-43;FERRAMENTAS EQUIPAMENTOS DE ENSAIO E MEDIÇÃO;MPP6 - AUDITORIA DE FERRAMENTAS - M6;1
CE;2026-01-07 08:00:00;2026-01-14 00:00:00;PPG-52;FERRAMENTAS EQUIPAMENTOS DE ENSAIO E MEDIÇÃO;MPP6 - AUDITORIA DE FERRAMENTAS - M6;1
CE;2026-01-07 08:00:00;2026-01-14 00:00:00;PPG-69;FERRAMENTAS EQUIPAMENTOS DE ENSAIO E MEDIÇÃO;MPP6 - AUDITORIA DE FERRAMENTAS - M6;1
CE;2026-01-07 08:00:00;2026-01-14 00:00:00;PPG-89;FERRAMENTAS EQUIPAMENTOS DE ENSAIO E MEDIÇÃO;MPP6 - AUDITORIA DE FERRAMENTAS - M6;1
CE;2026-01-07 08:00:00;2026-01-14 00:00:00;PPG-MV;FERRAMENTAS EQUIPAMENTOS DE ENSAIO E MEDIÇÃO;MPP6 - AUDITORIA DE FERRAMENTAS - M6;2
CE;2026-01-07 08:00:00;2026-01-15 00:00:00;PPG-00;FERRAMENTAS EQUIPAMENTOS DE ENSAIO E MEDIÇÃO;MPP6 - AUDITORIA DE FERRAMENTAS - M6;2
CE;2026-01-07 08:00:00;2026-01-15 00:00:00;PPG-12;FERRAMENTAS EQUIPAMENTOS DE ENSAIO E MEDIÇÃO;MPP6 - AUDITORIA DE FERRAMENTAS - M6;1
CE;2026-01-07 08:00:00;2026-01-15 00:00:00;PPG-21;FERRAMENTAS EQUIPAMENTOS DE ENSAIO E MEDIÇÃO;MPP6 - AUDITORIA DE FERRAMENTAS - M6;1
CE;2026-01-07 08:00:00;2026-01-15 00:00:00;PPG-28;FERRAMENTAS EQUIPAMENTOS DE ENSAIO E MEDIÇÃO;MPP6 - AUDITORIA DE FERRAMENTAS - M6;1
CE;2026-01-07 08:00:00;2026-01-15 00:00:00;PPG-29;FERRAMENTAS EQUIPAMENTOS DE ENSAIO E MEDIÇÃO;MPP6 - AUDITORIA DE FERRAMENTAS - M6;1
CE;2026-01-07 08:00:00;2026-01-15 00:00:00;PPG-45;FERRAMENTAS EQUIPAMENTOS DE ENSAIO E MEDIÇÃO;MPP6 - AUDITORIA DE FERRAMENTAS - M6;1
CE;2026-01-07 08:00:00;2026-01-15 00:00:00;PPG-67;FERRAMENTAS EQUIPAMENTOS DE ENSAIO E MEDIÇÃO;MPP6 - AUDITORIA DE FERRAMENTAS - M6;1
CE;2026-01-07 08:00:00;2026-01-15 00:00:00;PPG-81;FERRAMENTAS EQUIPAMENTOS DE ENSAIO E MEDIÇÃO;MPP6 - AUDITORIA DE FERRAMENTAS - M6;2
CE;2026-01-07 08:00:00;2026-01-15 00:00:00;PPG-93;FERRAMENTAS EQUIPAMENTOS DE ENSAIO E MEDIÇÃO;MPP6 - AUDITORIA DE FERRAMENTAS - M6;1
CE;2026-01-07 08:00:00;2026-01-15 00:00:00;PPG-96;FERRAMENTAS EQUIPAMENTOS DE ENSAIO E MEDIÇÃO;MPP6 - AUDITORIA DE FERRAMENTAS - M6;1
CE;2026-01-07 08:00:00;2026-01-15 00:00:00;PPG-MV;FERRAMENTAS EQUIPAMENTOS DE ENSAIO E MEDIÇÃO;MPP6 - AUDITORIA DE FERRAMENTAS - M6;2
CE;2026-01-07 08:00:00;2026-01-15 00:00:00;PPG-WS;FERRAMENTAS EQUIPAMENTOS DE ENSAIO E MEDIÇÃO;MPP6 - AUDITORIA DE FERRAMENTAS - M6;1
CE;2026-01-07 08:00:00;2026-01-16 17:00:00;PPG-18;FERRAMENTAS EQUIPAMENTOS DE ENSAIO E MEDIÇÃO;MPP6 - AUDITORIA DE FERRAMENTAS - M6;1
CE;2026-01-07 08:00:00;2026-01-16 17:00:00;PPG-40;FERRAMENTAS EQUIPAMENTOS DE ENSAIO E MEDIÇÃO;MPP6 - AUDITORIA DE FERRAMENTAS - M6;1
CE;2026-01-07 08:00:00;2026-02-23 00:00:00;PPG-14;FERRAMENTAS EQUIPAMENTOS DE ENSAIO E MEDIÇÃO;MPP6 - AUDITORIA DE FERRAMENTAS - M6;1
CE;2026-01-14 08:00:00;2026-01-14 09:00:00;PPG-01;FERRAMENTAS EQUIPAMENTOS DE ENSAIO E MEDIÇÃO;MPP6 - AUDITORIA DE FERRAMENTAS - M6;1
CE;2026-02-05 13:00:00;2026-02-05 17:00:00;MOR-11;CONVERSOR;INSPEÇÃO DE MANUTENÇÃO PREVENTIVA ANUAL;1
CE;2026-02-05 14:07:00;2026-02-05 17:00:00;MOR-11;AEROGERADOR;AVALIAÇÃO DE EQUIPE;1
CE;2026-02-06 08:30:00;2026-02-06 12:00:00;MOR-19;AEROGERADOR;AVALIAÇÃO DE EQUIPE;1
CE;2026-02-06 09:00:00;2026-02-06 12:25:00;MOR-19;CONVERSOR;INSPEÇÃO DE MANUTENÇÃO PREVENTIVA ANUAL;1
CE;2026-02-06 13:00:00;2026-02-06 15:29:00;MOR-18;CONVERSOR;INSPEÇÃO DE MANUTENÇÃO PREVENTIVA ANUAL;1
CE;2026-02-06 13:28:00;2026-02-06 15:28:00;MOR-18;AEROGERADOR;AVALIAÇÃO DE EQUIPE;1
CE;2026-02-12 14:00:00;2026-02-12 17:15:00;COQ-07;CONVERSOR;INSPEÇÃO DE MANUTENÇÃO PREVENTIVA ANUAL;1
CE;2026-02-20 08:00:00;2026-02-20 12:00:00;CAJ-05;CONVERSOR;INSPEÇÃO DE MANUTENÇÃO PREVENTIVA ANUAL;1
CE;2026-02-23 13:00:00;2026-02-23 16:44:00;CAJ-13;CONVERSOR;INSPEÇÃO DE MANUTENÇÃO PREVENTIVA ANUAL;1
CE;2026-02-23 15:53:00;2026-02-23 16:53:00;PPG-86;FERRAMENTAS EQUIPAMENTOS DE ENSAIO E MEDIÇÃO;MPP6 - AUDITORIA DE FERRAMENTAS - M6;1
CE;2026-02-23 16:40:00;2026-02-23 16:54:00;PPG-12;FERRAMENTAS EQUIPAMENTOS DE ENSAIO E MEDIÇÃO;MPP6 - AUDITORIA DE FERRAMENTAS - M6;1
CE;2026-02-26 09:00:00;2026-02-26 12:00:00;BUR-01;CONVERSOR;INSPEÇÃO DE MANUTENÇÃO PREVENTIVA ANUAL;1
CE;2026-03-02 08:00:00;2026-03-06 12:00:00;CAJ-11;AEROGERADOR;APR - PT;1
CE;2026-03-09 08:00:00;2026-03-09 12:00:00;BUR-17;CONVERSOR;INSPEÇÃO DE MANUTENÇÃO PREVENTIVA ANUAL;1
CE;2026-03-10 09:00:00;2026-03-10 15:00:00;MOR-02;NACELLE;INSPEÇÃO DE MANUTENÇÃO PREVENTIVA ANUAL;1
CE;2026-03-10 09:00:00;2026-03-10 17:00:00;MOR-02;AEROGERADOR;AVALIAÇÃO DE EQUIPE;1
CE;2026-03-10 10:00:00;2026-03-10 16:00:00;MOR-02;SISTEMA PITCH;INSPEÇÃO DE MANUTENÇÃO PREVENTIVA ANUAL;1
CE;2026-03-10 13:00:00;2026-03-10 17:01:00;MOR-02;GERADOR;INSPEÇÃO DE MANUTENÇÃO PREVENTIVA ANUAL;1
CE;2026-03-10 16:00:00;2026-03-10 18:00:00;MOR-02;TORRE WTG;INSPEÇÃO DE MANUTENÇÃO PREVENTIVA ANUAL;1
CE;2026-03-11 00:00:00;2026-03-11 15:00:00;QXB-24;FERRAMENTAS EQUIPAMENTOS DE ENSAIO E MEDIÇÃO;MPP6 - AUDITORIA DE FERRAMENTAS - M6;1
CE;2026-03-11 00:00:00;2026-03-11 15:00:00;QXB-25;FERRAMENTAS EQUIPAMENTOS DE ENSAIO E MEDIÇÃO;MPP6 - AUDITORIA DE FERRAMENTAS - M6;1
CE;2026-03-11 08:00:00;2026-03-11 08:28:20;QXB-42;FERRAMENTAS EQUIPAMENTOS DE ENSAIO E MEDIÇÃO;MPP6 - AUDITORIA DE FERRAMENTAS - M6;1
CE;2026-03-11 08:00:00;2026-03-11 08:30:00;QXB-03;FERRAMENTAS EQUIPAMENTOS DE ENSAIO E MEDIÇÃO;MPP6 - AUDITORIA DE FERRAMENTAS - M6;1
CE;2026-03-11 08:00:00;2026-03-11 08:30:00;QXB-23;FERRAMENTAS EQUIPAMENTOS DE ENSAIO E MEDIÇÃO;MPP6 - AUDITORIA DE FERRAMENTAS - M6;1
CE;2026-03-11 08:00:00;2026-03-11 08:30:00;QXB-27;FERRAMENTAS EQUIPAMENTOS DE ENSAIO E MEDIÇÃO;MPP6 - AUDITORIA DE FERRAMENTAS - M6;1
CE;2026-03-11 08:00:00;2026-03-11 08:30:00;QXB-36;FERRAMENTAS EQUIPAMENTOS DE ENSAIO E MEDIÇÃO;MPP6 - AUDITORIA DE FERRAMENTAS - M6;1
CE;2026-03-11 08:00:00;2026-03-11 08:30:00;QXB-37;FERRAMENTAS EQUIPAMENTOS DE ENSAIO E MEDIÇÃO;MPP6 - AUDITORIA DE FERRAMENTAS - M6;1
CE;2026-03-11 08:00:00;2026-03-11 08:30:00;QXB-39;FERRAMENTAS EQUIPAMENTOS DE ENSAIO E MEDIÇÃO;MPP6 - AUDITORIA DE FERRAMENTAS - M6;1
CE;2026-03-11 08:00:00;2026-03-11 08:30:00;QXB-43;FERRAMENTAS EQUIPAMENTOS DE ENSAIO E MEDIÇÃO;MPP6 - AUDITORIA DE FERRAMENTAS - M6;2
CE;2026-03-11 08:00:00;2026-03-11 08:30:00;QXB-52;FERRAMENTAS EQUIPAMENTOS DE ENSAIO E MEDIÇÃO;MPP6 - AUDITORIA DE FERRAMENTAS - M6;1
CE;2026-03-11 08:00:00;2026-03-11 08:30:00;QXB-59;FERRAMENTAS EQUIPAMENTOS DE ENSAIO E MEDIÇÃO;MPP6 - AUDITORIA DE FERRAMENTAS - M6;1
CE;2026-03-11 08:00:00;2026-03-11 08:30:00;QXB-63;FERRAMENTAS EQUIPAMENTOS DE ENSAIO E MEDIÇÃO;MPP6 - AUDITORIA DE FERRAMENTAS - M6;1
CE;2026-03-11 08:00:00;2026-03-11 08:30:00;QXB-75;FERRAMENTAS EQUIPAMENTOS DE ENSAIO E MEDIÇÃO;MPP6 - AUDITORIA DE FERRAMENTAS - M6;1
CE;2026-03-11 08:00:00;2026-03-11 08:30:00;QXB-81;FERRAMENTAS EQUIPAMENTOS DE ENSAIO E MEDIÇÃO;MPP6 - AUDITORIA DE FERRAMENTAS - M6;1
CE;2026-03-11 08:00:00;2026-03-11 08:30:00;QXB-97;FERRAMENTAS EQUIPAMENTOS DE ENSAIO E MEDIÇÃO;MPP6 - AUDITORIA DE FERRAMENTAS - M6;1
CE;2026-03-11 08:00:00;2026-03-11 08:30:00;QXB-MV;FERRAMENTAS EQUIPAMENTOS DE ENSAIO E MEDIÇÃO;MPP6 - AUDITORIA DE FERRAMENTAS - M6;2
CE;2026-03-11 08:00:00;2026-03-11 08:40:00;QXB-19;FERRAMENTAS EQUIPAMENTOS DE ENSAIO E MEDIÇÃO;MPP6 - AUDITORIA DE FERRAMENTAS - M6;1
CE;2026-03-11 08:00:00;2026-03-11 08:40:00;QXB-93;FERRAMENTAS EQUIPAMENTOS DE ENSAIO E MEDIÇÃO;MPP6 - AUDITORIA DE FERRAMENTAS - M6;1
CE;2026-03-11 08:00:00;2026-03-11 08:40:00;QXB-MV;FERRAMENTAS EQUIPAMENTOS DE ENSAIO E MEDIÇÃO;MPP6 - AUDITORIA DE FERRAMENTAS - M6;1
CE;2026-03-11 08:00:00;2026-03-11 08:40:00;QXB-WS;FERRAMENTAS EQUIPAMENTOS DE ENSAIO E MEDIÇÃO;MPP6 - AUDITORIA DE FERRAMENTAS - M6;1
CE;2026-03-11 08:00:00;2026-03-11 08:50:00;QXB-20;FERRAMENTAS EQUIPAMENTOS DE ENSAIO E MEDIÇÃO;MPP6 - AUDITORIA DE FERRAMENTAS - M6;1
CE;2026-03-11 08:00:00;2026-03-11 09:30:00;QXB-06;FERRAMENTAS EQUIPAMENTOS DE ENSAIO E MEDIÇÃO;MPP6 - AUDITORIA DE FERRAMENTAS - M6;1
CE;2026-03-11 08:00:00;2026-03-11 09:30:00;QXB-18;FERRAMENTAS EQUIPAMENTOS DE ENSAIO E MEDIÇÃO;MPP6 - AUDITORIA DE FERRAMENTAS - M6;1
CE;2026-03-11 08:00:00;2026-03-11 09:30:00;QXB-38;FERRAMENTAS EQUIPAMENTOS DE ENSAIO E MEDIÇÃO;MPP6 - AUDITORIA DE FERRAMENTAS - M6;1
CE;2026-03-11 08:00:00;2026-03-11 09:30:00;QXB-83;FERRAMENTAS EQUIPAMENTOS DE ENSAIO E MEDIÇÃO;MPP6 - AUDITORIA DE FERRAMENTAS - M6;1
CE;2026-03-11 08:00:00;2026-03-11 10:00:00;QXB-28;FERRAMENTAS EQUIPAMENTOS DE ENSAIO E MEDIÇÃO;MPP6 - AUDITORIA DE FERRAMENTAS - M6;1
CE;2026-03-11 08:00:00;2026-03-11 10:00:00;QXB-64;FERRAMENTAS EQUIPAMENTOS DE ENSAIO E MEDIÇÃO;MPP6 - AUDITORIA DE FERRAMENTAS - M6;2
CE;2026-03-11 08:00:00;2026-03-11 10:00:00;QXB-72;FERRAMENTAS EQUIPAMENTOS DE ENSAIO E MEDIÇÃO;MPP6 - AUDITORIA DE FERRAMENTAS - M6;1
CE;2026-03-11 08:00:00;2026-03-11 10:00:00;QXB-MV;FERRAMENTAS EQUIPAMENTOS DE ENSAIO E MEDIÇÃO;MPP6 - AUDITORIA DE FERRAMENTAS - M6;1
CE;2026-03-11 08:00:00;2026-03-11 11:00:00;QXB-31;FERRAMENTAS EQUIPAMENTOS DE ENSAIO E MEDIÇÃO;MPP6 - AUDITORIA DE FERRAMENTAS - M6;1
CE;2026-03-11 08:00:00;2026-03-11 12:00:00;QXB-33;FERRAMENTAS EQUIPAMENTOS DE ENSAIO E MEDIÇÃO;MPP6 - AUDITORIA DE FERRAMENTAS - M6;1
CE;2026-03-11 08:00:00;2026-03-11 13:00:00;QXB-05;FERRAMENTAS EQUIPAMENTOS DE ENSAIO E MEDIÇÃO;MPP6 - AUDITORIA DE FERRAMENTAS - M6;1
CE;2026-03-11 08:00:00;2026-03-11 15:00:00;QXB-43;FERRAMENTAS EQUIPAMENTOS DE ENSAIO E MEDIÇÃO;MPP6 - AUDITORIA DE FERRAMENTAS - M6;1
CE;2026-03-11 08:00:00;2026-03-11 15:00:00;QXB-4K;FERRAMENTAS EQUIPAMENTOS DE ENSAIO E MEDIÇÃO;MPP6 - AUDITORIA DE FERRAMENTAS - M6;1
CE;2026-03-11 10:30:00;2026-03-11 11:07:00;QXB-06;FERRAMENTAS EQUIPAMENTOS DE ENSAIO E MEDIÇÃO;MPP6 - AUDITORIA DE FERRAMENTAS - M6;1
CE;2026-03-12 16:06:00;2026-03-12 17:00:00;QXB-MV;FERRAMENTAS EQUIPAMENTOS DE ENSAIO E MEDIÇÃO;MPP6 - AUDITORIA DE FERRAMENTAS - M6;1
CE;2026-03-17 08:00:00;2026-03-17 15:00:00;CAJ-11;AEROGERADOR;IMPLANTAÇÕES/MELHORIAS;1
CE;2026-03-18 09:00:00;2026-03-18 09:04:00;MOR-OL;PARQUE EÓLICO;APR - PT;1
CE;2026-03-18 09:00:00;2026-03-18 14:30:00;MOR-01;CONVERSOR;MPP1 - INSPEÇÃO EXTERNA DE AEROGERADOR - M6;1
CE;2026-03-18 09:00:00;2026-03-18 14:30:00;MOR-01;GERADOR;MPP1 - INSPEÇÃO EXTERNA DE AEROGERADOR - M6;1
CE;2026-03-18 09:00:00;2026-03-18 14:30:00;MOR-01;NACELLE;MPP1 - INSPEÇÃO EXTERNA DE AEROGERADOR - M6;1
CE;2026-03-18 09:00:00;2026-03-18 14:30:00;MOR-01;SISTEMA PITCH;MPP1 - INSPEÇÃO EXTERNA DE AEROGERADOR - M6;1
CE;2026-03-18 09:00:00;2026-03-18 14:30:00;MOR-01;TORRE WTG;MPP1 - INSPEÇÃO EXTERNA DE AEROGERADOR - M6;1
CE;2026-03-18 09:00:00;2026-03-18 14:30:00;MOR-02;CONVERSOR;MPP1 - INSPEÇÃO EXTERNA DE AEROGERADOR - M6;1
CE;2026-03-18 09:00:00;2026-03-18 14:30:00;MOR-02;GERADOR;MPP1 - INSPEÇÃO EXTERNA DE AEROGERADOR - M6;1
CE;2026-03-18 09:00:00;2026-03-18 14:30:00;MOR-02;NACELLE;MPP1 - INSPEÇÃO EXTERNA DE AEROGERADOR - M6;1
CE;2026-03-18 09:00:00;2026-03-18 14:30:00;MOR-02;SISTEMA PITCH;MPP1 - INSPEÇÃO EXTERNA DE AEROGERADOR - M6;1
CE;2026-03-18 09:00:00;2026-03-18 14:30:00;MOR-02;TORRE WTG;MPP1 - INSPEÇÃO EXTERNA DE AEROGERADOR - M6;1
CE;2026-03-18 09:00:00;2026-03-18 14:30:00;MOR-03;CONVERSOR;MPP1 - INSPEÇÃO EXTERNA DE AEROGERADOR - M6;1
CE;2026-03-18 09:00:00;2026-03-18 14:30:00;MOR-03;GERADOR;MPP1 - INSPEÇÃO EXTERNA DE AEROGERADOR - M6;1
CE;2026-03-18 09:00:00;2026-03-18 14:30:00;MOR-03;NACELLE;MPP1 - INSPEÇÃO EXTERNA DE AEROGERADOR - M6;1
CE;2026-03-18 09:00:00;2026-03-18 14:30:00;MOR-03;SISTEMA PITCH;MPP1 - INSPEÇÃO EXTERNA DE AEROGERADOR - M6;1
CE;2026-03-18 09:00:00;2026-03-18 14:30:00;MOR-03;TORRE WTG;MPP1 - INSPEÇÃO EXTERNA DE AEROGERADOR - M6;1
CE;2026-03-18 09:00:00;2026-03-18 14:30:00;MOR-04;CONVERSOR;MPP1 - INSPEÇÃO EXTERNA DE AEROGERADOR - M6;1
CE;2026-03-18 09:00:00;2026-03-18 14:30:00;MOR-04;GERADOR;MPP1 - INSPEÇÃO EXTERNA DE AEROGERADOR - M6;1
CE;2026-03-18 09:00:00;2026-03-18 14:30:00;MOR-04;NACELLE;MPP1 - INSPEÇÃO EXTERNA DE AEROGERADOR - M6;1
CE;2026-03-18 09:00:00;2026-03-18 14:30:00;MOR-04;SISTEMA PITCH;MPP1 - INSPEÇÃO EXTERNA DE AEROGERADOR - M6;1
CE;2026-03-18 09:00:00;2026-03-18 14:30:00;MOR-04;TORRE WTG;MPP1 - INSPEÇÃO EXTERNA DE AEROGERADOR - M6;1
CE;2026-03-18 09:00:00;2026-03-18 14:30:00;MOR-05;CONVERSOR;MPP1 - INSPEÇÃO EXTERNA DE AEROGERADOR - M6;1
CE;2026-03-18 09:00:00;2026-03-18 14:30:00;MOR-05;GERADOR;MPP1 - INSPEÇÃO EXTERNA DE AEROGERADOR - M6;1
CE;2026-03-18 09:00:00;2026-03-18 14:30:00;MOR-05;NACELLE;MPP1 - INSPEÇÃO EXTERNA DE AEROGERADOR - M6;1
CE;2026-03-18 09:00:00;2026-03-18 14:30:00;MOR-05;SISTEMA PITCH;MPP1 - INSPEÇÃO EXTERNA DE AEROGERADOR - M6;1
CE;2026-03-18 09:00:00;2026-03-18 14:30:00;MOR-05;TORRE WTG;MPP1 - INSPEÇÃO EXTERNA DE AEROGERADOR - M6;1
CE;2026-03-18 09:00:00;2026-03-18 14:30:00;MOR-06;CONVERSOR;MPP1 - INSPEÇÃO EXTERNA DE AEROGERADOR - M6;1
CE;2026-03-18 09:00:00;2026-03-18 14:30:00;MOR-06;GERADOR;MPP1 - INSPEÇÃO EXTERNA DE AEROGERADOR - M6;1
CE;2026-03-18 09:00:00;2026-03-18 14:30:00;MOR-06;NACELLE;MPP1 - INSPEÇÃO EXTERNA DE AEROGERADOR - M6;1
CE;2026-03-18 09:00:00;2026-03-18 14:30:00;MOR-06;SISTEMA PITCH;MPP1 - INSPEÇÃO EXTERNA DE AEROGERADOR - M6;1
CE;2026-03-18 09:00:00;2026-03-18 14:30:00;MOR-06;TORRE WTG;MPP1 - INSPEÇÃO EXTERNA DE AEROGERADOR - M6;1
CE;2026-03-18 09:00:00;2026-03-18 14:30:00;MOR-07;CONVERSOR;MPP1 - INSPEÇÃO EXTERNA DE AEROGERADOR - M6;1
CE;2026-03-18 09:00:00;2026-03-18 14:30:00;MOR-07;GERADOR;MPP1 - INSPEÇÃO EXTERNA DE AEROGERADOR - M6;1
CE;2026-03-18 09:00:00;2026-03-18 14:30:00;MOR-07;NACELLE;MPP1 - INSPEÇÃO EXTERNA DE AEROGERADOR - M6;1
CE;2026-03-18 09:00:00;2026-03-18 14:30:00;MOR-07;SISTEMA PITCH;MPP1 - INSPEÇÃO EXTERNA DE AEROGERADOR - M6;1
CE;2026-03-18 09:00:00;2026-03-18 14:30:00;MOR-07;TORRE WTG;MPP1 - INSPEÇÃO EXTERNA DE AEROGERADOR - M6;1
CE;2026-03-18 09:00:00;2026-03-18 14:30:00;MOR-08;CONVERSOR;MPP1 - INSPEÇÃO EXTERNA DE AEROGERADOR - M6;1
CE;2026-03-18 09:00:00;2026-03-18 14:30:00;MOR-08;GERADOR;MPP1 - INSPEÇÃO EXTERNA DE AEROGERADOR - M6;1
CE;2026-03-18 09:00:00;2026-03-18 14:30:00;MOR-08;NACELLE;MPP1 - INSPEÇÃO EXTERNA DE AEROGERADOR - M6;1
CE;2026-03-18 09:00:00;2026-03-18 14:30:00;MOR-08;SISTEMA PITCH;MPP1 - INSPEÇÃO EXTERNA DE AEROGERADOR - M6;1
CE;2026-03-18 09:00:00;2026-03-18 14:30:00;MOR-08;TORRE WTG;MPP1 - INSPEÇÃO EXTERNA DE AEROGERADOR - M6;1
CE;2026-03-18 09:00:00;2026-03-18 14:30:00;MOR-09;CONVERSOR;MPP1 - INSPEÇÃO EXTERNA DE AEROGERADOR - M6;1
CE;2026-03-18 09:00:00;2026-03-18 14:30:00;MOR-09;GERADOR;MPP1 - INSPEÇÃO EXTERNA DE AEROGERADOR - M6;1
CE;2026-03-18 09:00:00;2026-03-18 14:30:00;MOR-09;NACELLE;MPP1 - INSPEÇÃO EXTERNA DE AEROGERADOR - M6;1
CE;2026-03-18 09:00:00;2026-03-18 14:30:00;MOR-09;SISTEMA PITCH;MPP1 - INSPEÇÃO EXTERNA DE AEROGERADOR - M6;1
CE;2026-03-18 09:00:00;2026-03-18 14:30:00;MOR-09;TORRE WTG;MPP1 - INSPEÇÃO EXTERNA DE AEROGERADOR - M6;1
CE;2026-03-18 09:00:00;2026-03-18 14:30:00;MOR-10;CONVERSOR;MPP1 - INSPEÇÃO EXTERNA DE AEROGERADOR - M6;1
CE;2026-03-18 09:00:00;2026-03-18 14:30:00;MOR-10;GERADOR;MPP1 - INSPEÇÃO EXTERNA DE AEROGERADOR - M6;1
CE;2026-03-18 09:00:00;2026-03-18 14:30:00;MOR-10;NACELLE;MPP1 - INSPEÇÃO EXTERNA DE AEROGERADOR - M6;1
CE;2026-03-18 09:00:00;2026-03-18 14:30:00;MOR-10;SISTEMA PITCH;MPP1 - INSPEÇÃO EXTERNA DE AEROGERADOR - M6;1
CE;2026-03-18 09:00:00;2026-03-18 14:30:00;MOR-10;TORRE WTG;MPP1 - INSPEÇÃO EXTERNA DE AEROGERADOR - M6;1
CE;2026-03-18 09:00:00;2026-03-18 14:30:00;MOR-11;CONVERSOR;MPP1 - INSPEÇÃO EXTERNA DE AEROGERADOR - M6;1
CE;2026-03-18 09:00:00;2026-03-18 14:30:00;MOR-11;GERADOR;MPP1 - INSPEÇÃO EXTERNA DE AEROGERADOR - M6;1
CE;2026-03-18 09:00:00;2026-03-18 14:30:00;MOR-11;NACELLE;MPP1 - INSPEÇÃO EXTERNA DE AEROGERADOR - M6;1
CE;2026-03-18 09:00:00;2026-03-18 14:30:00;MOR-11;SISTEMA PITCH;MPP1 - INSPEÇÃO EXTERNA DE AEROGERADOR - M6;1
CE;2026-03-18 09:00:00;2026-03-18 14:30:00;MOR-11;TORRE WTG;MPP1 - INSPEÇÃO EXTERNA DE AEROGERADOR - M6;1
CE;2026-03-23 13:00:00;2026-03-23 13:17:00;MOR-OL;PARQUE EÓLICO;APR - PT;1
CE;2026-03-23 14:20:00;2026-03-23 15:20:00;MOR-12;CONVERSOR;MPP1 - INSPEÇÃO EXTERNA DE AEROGERADOR - M6;1
CE;2026-03-23 14:20:00;2026-03-23 15:20:00;MOR-12;GERADOR;MPP1 - INSPEÇÃO EXTERNA DE AEROGERADOR - M6;1
CE;2026-03-23 14:20:00;2026-03-23 15:20:00;MOR-12;NACELLE;MPP1 - INSPEÇÃO EXTERNA DE AEROGERADOR - M6;1
CE;2026-03-23 14:20:00;2026-03-23 15:20:00;MOR-12;SISTEMA PITCH;MPP1 - INSPEÇÃO EXTERNA DE AEROGERADOR - M6;1
CE;2026-03-23 14:20:00;2026-03-23 15:20:00;MOR-12;TORRE WTG;MPP1 - INSPEÇÃO EXTERNA DE AEROGERADOR - M6;1
CE;2026-03-23 14:20:00;2026-03-23 15:20:00;MOR-13;CONVERSOR;MPP1 - INSPEÇÃO EXTERNA DE AEROGERADOR - M6;1
CE;2026-03-23 14:20:00;2026-03-23 15:20:00;MOR-13;GERADOR;MPP1 - INSPEÇÃO EXTERNA DE AEROGERADOR - M6;1
CE;2026-03-23 14:20:00;2026-03-23 15:20:00;MOR-13;NACELLE;MPP1 - INSPEÇÃO EXTERNA DE AEROGERADOR - M6;1
CE;2026-03-23 14:20:00;2026-03-23 15:20:00;MOR-13;SISTEMA PITCH;MPP1 - INSPEÇÃO EXTERNA DE AEROGERADOR - M6;1
CE;2026-03-23 14:20:00;2026-03-23 15:20:00;MOR-13;TORRE WTG;MPP1 - INSPEÇÃO EXTERNA DE AEROGERADOR - M6;1
CE;2026-03-23 14:20:00;2026-03-23 15:20:00;MOR-14;CONVERSOR;MPP1 - INSPEÇÃO EXTERNA DE AEROGERADOR - M6;1
CE;2026-03-23 14:20:00;2026-03-23 15:20:00;MOR-14;GERADOR;MPP1 - INSPEÇÃO EXTERNA DE AEROGERADOR - M6;1
CE;2026-03-23 14:20:00;2026-03-23 15:20:00;MOR-14;NACELLE;MPP1 - INSPEÇÃO EXTERNA DE AEROGERADOR - M6;1
CE;2026-03-23 14:20:00;2026-03-23 15:20:00;MOR-14;SISTEMA PITCH;MPP1 - INSPEÇÃO EXTERNA DE AEROGERADOR - M6;1
CE;2026-03-23 14:20:00;2026-03-23 15:20:00;MOR-14;TORRE WTG;MPP1 - INSPEÇÃO EXTERNA DE AEROGERADOR - M6;1
CE;2026-03-23 14:20:00;2026-03-23 15:20:00;MOR-15;CONVERSOR;MPP1 - INSPEÇÃO EXTERNA DE AEROGERADOR - M6;1
CE;2026-03-23 14:20:00;2026-03-23 15:20:00;MOR-15;GERADOR;MPP1 - INSPEÇÃO EXTERNA DE AEROGERADOR - M6;1
CE;2026-03-23 14:20:00;2026-03-23 15:20:00;MOR-15;NACELLE;MPP1 - INSPEÇÃO EXTERNA DE AEROGERADOR - M6;1
CE;2026-03-23 14:20:00;2026-03-23 15:20:00;MOR-15;SISTEMA PITCH;MPP1 - INSPEÇÃO EXTERNA DE AEROGERADOR - M6;1
CE;2026-03-23 14:20:00;2026-03-23 15:20:00;MOR-15;TORRE WTG;MPP1 - INSPEÇÃO EXTERNA DE AEROGERADOR - M6;1
CE;2026-03-23 14:20:00;2026-03-23 15:20:00;MOR-16;CONVERSOR;MPP1 - INSPEÇÃO EXTERNA DE AEROGERADOR - M6;1
CE;2026-03-23 14:20:00;2026-03-23 15:20:00;MOR-16;GERADOR;MPP1 - INSPEÇÃO EXTERNA DE AEROGERADOR - M6;1
CE;2026-03-23 14:20:00;2026-03-23 15:20:00;MOR-16;NACELLE;MPP1 - INSPEÇÃO EXTERNA DE AEROGERADOR - M6;1
CE;2026-03-23 14:20:00;2026-03-23 15:20:00;MOR-16;SISTEMA PITCH;MPP1 - INSPEÇÃO EXTERNA DE AEROGERADOR - M6;1
CE;2026-03-23 14:20:00;2026-03-23 15:20:00;MOR-16;TORRE WTG;MPP1 - INSPEÇÃO EXTERNA DE AEROGERADOR - M6;1
CE;2026-03-23 14:20:00;2026-03-23 15:20:00;MOR-17;CONVERSOR;MPP1 - INSPEÇÃO EXTERNA DE AEROGERADOR - M6;1
CE;2026-03-23 14:20:00;2026-03-23 15:20:00;MOR-17;GERADOR;MPP1 - INSPEÇÃO EXTERNA DE AEROGERADOR - M6;1
CE;2026-03-23 14:20:00;2026-03-23 15:20:00;MOR-17;NACELLE;MPP1 - INSPEÇÃO EXTERNA DE AEROGERADOR - M6;1
CE;2026-03-23 14:20:00;2026-03-23 15:20:00;MOR-17;SISTEMA PITCH;MPP1 - INSPEÇÃO EXTERNA DE AEROGERADOR - M6;1
CE;2026-03-23 14:20:00;2026-03-23 15:20:00;MOR-17;TORRE WTG;MPP1 - INSPEÇÃO EXTERNA DE AEROGERADOR - M6;1
CE;2026-03-23 14:20:00;2026-03-23 15:20:00;MOR-18;CONVERSOR;MPP1 - INSPEÇÃO EXTERNA DE AEROGERADOR - M6;1
CE;2026-03-23 14:20:00;2026-03-23 15:20:00;MOR-18;GERADOR;MPP1 - INSPEÇÃO EXTERNA DE AEROGERADOR - M6;1
CE;2026-03-23 14:20:00;2026-03-23 15:20:00;MOR-18;NACELLE;MPP1 - INSPEÇÃO EXTERNA DE AEROGERADOR - M6;1
CE;2026-03-23 14:20:00;2026-03-23 15:20:00;MOR-18;SISTEMA PITCH;MPP1 - INSPEÇÃO EXTERNA DE AEROGERADOR - M6;1
CE;2026-03-23 14:20:00;2026-03-23 15:20:00;MOR-18;TORRE WTG;MPP1 - INSPEÇÃO EXTERNA DE AEROGERADOR - M6;1
CE;2026-03-23 14:20:00;2026-03-23 15:20:00;MOR-19;CONVERSOR;MPP1 - INSPEÇÃO EXTERNA DE AEROGERADOR - M6;1
CE;2026-03-23 14:20:00;2026-03-23 15:20:00;MOR-19;GERADOR;MPP1 - INSPEÇÃO EXTERNA DE AEROGERADOR - M6;1
CE;2026-03-23 14:20:00;2026-03-23 15:20:00;MOR-19;NACELLE;MPP1 - INSPEÇÃO EXTERNA DE AEROGERADOR - M6;1
CE;2026-03-23 14:20:00;2026-03-23 15:20:00;MOR-19;SISTEMA PITCH;MPP1 - INSPEÇÃO EXTERNA DE AEROGERADOR - M6;1
CE;2026-03-23 14:20:00;2026-03-23 15:20:00;MOR-19;TORRE WTG;MPP1 - INSPEÇÃO EXTERNA DE AEROGERADOR - M6;1
CE;2026-03-30 08:00:00;2026-03-30 09:00:00;MOR-10;TORRE WTG;INSPEÇÃO DE QUALIDADE DE AEROGERADOR;1
CE;2026-03-30 10:00:00;2026-03-31 12:01:00;MOR-11;NACELLE;INSPEÇÃO DE MANUTENÇÃO PREVENTIVA ANUAL;1
CE;2026-03-30 11:00:00;2026-03-31 10:00:00;MOR-11;SISTEMA PITCH;INSPEÇÃO DE MANUTENÇÃO PREVENTIVA ANUAL;1
CE;2026-03-30 11:36:00;2026-03-31 12:00:00;MOR-11;GERADOR;INSPEÇÃO DE MANUTENÇÃO PREVENTIVA ANUAL;1
CE;2026-03-30 12:37:00;2026-03-31 12:00:00;MOR-11;TORRE WTG;INSPEÇÃO DE MANUTENÇÃO PREVENTIVA ANUAL;1
CE;2026-04-01 08:00:00;2026-04-01 09:54:00;MOR-10;AEROGERADOR;APR - PT;1
CE;2026-04-01 08:00:00;2026-04-01 12:00:00;MOR-10;AEROGERADOR;COLETA DE DADOS DE ATIVOS;1
CE;2026-04-01 10:50:00;2026-04-01 11:03:00;MOR-10;CONVERSOR;INSPEÇÃO DE QUALIDADE DE AEROGERADOR;1
CE;2026-04-01 14:00:00;2026-04-01 15:02:00;MOR-10;GERADOR;INSPEÇÃO DE QUALIDADE DE AEROGERADOR;1
CE;2026-04-01 14:00:00;2026-04-01 16:00:00;MOR-10;SISTEMA PITCH;INSPEÇÃO DE QUALIDADE DE AEROGERADOR;1
CE;2026-04-01 14:59:00;2026-04-01 17:00:00;MOR-10;NACELLE;INSPEÇÃO DE QUALIDADE DE AEROGERADOR;1
CE;2026-04-01 15:00:00;2026-04-01 16:00:00;MOR-18;SISTEMA PITCH;INSPEÇÃO DE MANUTENÇÃO PREVENTIVA ANUAL;1
CE;2026-04-06 08:00:00;2026-04-06 09:09:00;COQ-OL;PARQUE EÓLICO;APR - PT;1
CE;2026-04-07 09:10:00;2026-04-07 09:16:00;COQ-18;GERADOR;MPP1 - INSPEÇÃO EXTERNA DE AEROGERADOR - M6;1
CE;2026-04-07 10:00:00;2026-04-07 10:04:00;COQ-16;GERADOR;MPP1 - INSPEÇÃO EXTERNA DE AEROGERADOR - M6;1
CE;2026-04-07 10:00:00;2026-04-07 10:10:00;COQ-16;CONVERSOR;MPP1 - INSPEÇÃO EXTERNA DE AEROGERADOR - M6;1
CE;2026-04-07 10:00:00;2026-04-07 10:10:00;COQ-18;SISTEMA PITCH;MPP1 - INSPEÇÃO EXTERNA DE AEROGERADOR - M6;1
CE;2026-04-07 10:00:00;2026-04-07 10:30:00;COQ-17;TORRE WTG;MPP1 - INSPEÇÃO EXTERNA DE AEROGERADOR - M6;1
CE;2026-04-07 10:20:00;2026-04-07 10:35:00;COQ-16;TORRE WTG;MPP1 - INSPEÇÃO EXTERNA DE AEROGERADOR - M6;1
CE;2026-04-07 10:39:00;2026-04-07 10:58:00;COQ-18;TORRE WTG;MPP1 - INSPEÇÃO EXTERNA DE AEROGERADOR - M6;1
CE;2026-04-07 10:43:00;2026-04-07 10:45:00;COQ-17;GERADOR;MPP1 - INSPEÇÃO EXTERNA DE AEROGERADOR - M6;1
CE;2026-04-07 10:44:00;2026-04-07 10:54:00;COQ-17;NACELLE;MPP1 - INSPEÇÃO EXTERNA DE AEROGERADOR - M6;1
CE;2026-04-07 10:45:00;2026-04-07 10:55:00;COQ-15;TORRE WTG;MPP1 - INSPEÇÃO EXTERNA DE AEROGERADOR - M6;1
CE;2026-04-07 10:45:00;2026-04-07 10:56:00;COQ-18;NACELLE;MPP1 - INSPEÇÃO EXTERNA DE AEROGERADOR - M6;1
CE;2026-04-07 10:50:00;2026-04-07 10:52:00;COQ-17;SISTEMA PITCH;MPP1 - INSPEÇÃO EXTERNA DE AEROGERADOR - M6;1
CE;2026-04-07 10:52:00;2026-04-07 10:53:00;COQ-17;CONVERSOR;MPP1 - INSPEÇÃO EXTERNA DE AEROGERADOR - M6;1
CE;2026-04-07 10:55:00;2026-04-07 10:57:00;COQ-18;CONVERSOR;MPP1 - INSPEÇÃO EXTERNA DE AEROGERADOR - M6;1
CE;2026-04-07 13:00:00;2026-04-07 13:18:00;COQ-15;SISTEMA PITCH;MPP1 - INSPEÇÃO EXTERNA DE AEROGERADOR - M6;1
CE;2026-04-07 13:01:00;2026-04-07 13:12:00;COQ-16;SISTEMA PITCH;MPP1 - INSPEÇÃO EXTERNA DE AEROGERADOR - M6;1
CE;2026-04-07 13:09:00;2026-04-07 13:17:00;COQ-15;NACELLE;MPP1 - INSPEÇÃO EXTERNA DE AEROGERADOR - M6;1
CE;2026-04-07 13:10:00;2026-04-07 13:15:00;COQ-15;GERADOR;MPP1 - INSPEÇÃO EXTERNA DE AEROGERADOR - M6;1
CE;2026-04-07 13:10:00;2026-04-07 13:23:00;COQ-16;NACELLE;MPP1 - INSPEÇÃO EXTERNA DE AEROGERADOR - M6;1
CE;2026-04-07 13:11:00;2026-04-07 13:15:00;COQ-11;CONVERSOR;MPP1 - INSPEÇÃO EXTERNA DE AEROGERADOR - M6;1
CE;2026-04-07 13:11:00;2026-04-07 13:15:00;COQ-11;SISTEMA PITCH;MPP1 - INSPEÇÃO EXTERNA DE AEROGERADOR - M6;1
CE;2026-04-07 13:11:00;2026-04-07 13:16:00;COQ-15;CONVERSOR;MPP1 - INSPEÇÃO EXTERNA DE AEROGERADOR - M6;1
CE;2026-04-07 13:20:00;2026-04-07 13:30:00;COQ-11;NACELLE;MPP1 - INSPEÇÃO EXTERNA DE AEROGERADOR - M6;1
CE;2026-04-07 13:25:00;2026-04-07 13:40:00;COQ-11;TORRE WTG;MPP1 - INSPEÇÃO EXTERNA DE AEROGERADOR - M6;1
CE;2026-04-07 14:00:00;2026-04-07 14:11:00;COQ-14;SISTEMA PITCH;MPP1 - INSPEÇÃO EXTERNA DE AEROGERADOR - M6;1
CE;2026-04-07 14:05:00;2026-04-07 15:11:00;COQ-14;CONVERSOR;MPP1 - INSPEÇÃO EXTERNA DE AEROGERADOR - M6;1
CE;2026-04-07 14:20:00;2026-04-07 14:25:00;COQ-14;GERADOR;MPP1 - INSPEÇÃO EXTERNA DE AEROGERADOR - M6;1
CE;2026-04-07 14:25:00;2026-04-07 14:35:00;COQ-14;NACELLE;MPP1 - INSPEÇÃO EXTERNA DE AEROGERADOR - M6;1
CE;2026-04-07 15:00:00;2026-04-07 15:05:00;COQ-13;CONVERSOR;MPP1 - INSPEÇÃO EXTERNA DE AEROGERADOR - M6;1
CE;2026-04-07 15:00:00;2026-04-07 15:10:00;COQ-13;SISTEMA PITCH;MPP1 - INSPEÇÃO EXTERNA DE AEROGERADOR - M6;1
CE;2026-04-07 15:05:00;2026-04-07 15:11:00;COQ-11;GERADOR;MPP1 - INSPEÇÃO EXTERNA DE AEROGERADOR - M6;1
CE;2026-04-07 15:17:00;2026-04-07 15:29:00;COQ-14;TORRE WTG;MPP1 - INSPEÇÃO EXTERNA DE AEROGERADOR - M6;1
CE;2026-04-07 15:25:00;2026-04-07 15:44:00;COQ-13;TORRE WTG;MPP1 - INSPEÇÃO EXTERNA DE AEROGERADOR - M6;1
CE;2026-04-07 15:45:00;2026-04-07 15:56:00;COQ-13;GERADOR;MPP1 - INSPEÇÃO EXTERNA DE AEROGERADOR - M6;1
CE;2026-04-07 16:00:00;2026-04-07 16:06:00;COQ-12;SISTEMA PITCH;MPP1 - INSPEÇÃO EXTERNA DE AEROGERADOR - M6;1
CE;2026-04-07 16:10:00;2026-04-07 16:15:00;COQ-12;CONVERSOR;MPP1 - INSPEÇÃO EXTERNA DE AEROGERADOR - M6;1
CE;2026-04-07 16:10:00;2026-04-07 16:15:00;COQ-12;GERADOR;MPP1 - INSPEÇÃO EXTERNA DE AEROGERADOR - M6;1
CE;2026-04-07 16:10:00;2026-04-07 16:30:00;COQ-12;NACELLE;MPP1 - INSPEÇÃO EXTERNA DE AEROGERADOR - M6;1
CE;2026-04-07 16:25:00;2026-04-07 16:49:00;COQ-12;TORRE WTG;MPP1 - INSPEÇÃO EXTERNA DE AEROGERADOR - M6;1
CE;2026-04-07 16:47:00;2026-04-07 16:55:00;COQ-13;NACELLE;MPP1 - INSPEÇÃO EXTERNA DE AEROGERADOR - M6;1
CE;2026-04-08 09:00:00;2026-04-08 15:01:00;MOR-18;NACELLE;INSPEÇÃO DE MANUTENÇÃO PREVENTIVA ANUAL;1
CE;2026-04-08 10:00:00;2026-04-08 16:00:00;MOR-18;TORRE WTG;INSPEÇÃO DE MANUTENÇÃO PREVENTIVA ANUAL;1
CE;2026-04-08 11:00:00;2026-04-08 14:00:00;MOR-18;GERADOR;INSPEÇÃO DE MANUTENÇÃO PREVENTIVA ANUAL;1
CE;2026-04-10 08:00:00;2026-04-10 09:00:00;COQ-17;GERADOR;INSPEÇÃO DE MANUTENÇÃO PREVENTIVA ANUAL;1
CE;2026-04-10 08:00:00;2026-04-10 10:00:00;COQ-17;SISTEMA PITCH;INSPEÇÃO DE MANUTENÇÃO PREVENTIVA ANUAL;1
CE;2026-04-10 08:00:00;2026-04-10 12:00:00;COQ-17;NACELLE;INSPEÇÃO DE MANUTENÇÃO PREVENTIVA ANUAL;1
CE;2026-04-10 09:00:00;2026-04-13 11:00:00;COQ-17;TORRE WTG;INSPEÇÃO DE MANUTENÇÃO PREVENTIVA ANUAL;1
CE;2026-04-10 09:31:00;2026-04-10 17:00:00;COQ-17;AEROGERADOR;AVALIAÇÃO DE EQUIPE;1
CE;2026-04-23 13:00:00;2026-04-23 14:00:00;COQ-14;CONVERSOR;INSPEÇÃO DE QUALIDADE DE AEROGERADOR;1
CE;2026-04-23 13:00:00;2026-04-23 17:00:00;COQ-14;AEROGERADOR;APR - PT;1
CE;2026-04-23 14:00:00;2026-04-23 16:00:00;COQ-14;NACELLE;INSPEÇÃO DE QUALIDADE DE AEROGERADOR;1
CE;2026-04-23 14:00:00;2026-04-23 16:00:00;COQ-14;TORRE WTG;INSPEÇÃO DE QUALIDADE DE AEROGERADOR;1
CE;2026-04-23 15:00:00;2026-04-23 15:30:00;COQ-14;GERADOR;INSPEÇÃO DE QUALIDADE DE AEROGERADOR;1
CE;2026-04-23 15:00:00;2026-04-23 17:00:00;COQ-14;SISTEMA PITCH;INSPEÇÃO DE QUALIDADE DE AEROGERADOR;1
CE;2026-04-24 09:47:00;2026-04-24 14:30:00;MOR-16;AEROGERADOR;APR - PT;1
CE;2026-04-24 10:00:00;2026-04-24 13:00:00;MOR-16;NACELLE;INSPEÇÃO DE QUALIDADE DE AEROGERADOR;1
CE;2026-04-24 12:00:00;2026-04-24 13:00:00;MOR-16;SISTEMA PITCH;INSPEÇÃO DE QUALIDADE DE AEROGERADOR;1
CE;2026-04-24 13:00:00;2026-04-24 14:00:00;MOR-16;GERADOR;INSPEÇÃO DE QUALIDADE DE AEROGERADOR;1
CE;2026-04-24 13:00:00;2026-04-24 14:36:00;MOR-16;TORRE WTG;INSPEÇÃO DE QUALIDADE DE AEROGERADOR;1
CE;2026-04-28 09:06:00;2026-04-28 09:14:00;COQ-10;CONVERSOR;MPP1 - INSPEÇÃO EXTERNA DE AEROGERADOR - M6;1
CE;2026-04-28 09:10:00;2026-04-28 09:20:00;COQ-10;GERADOR;MPP1 - INSPEÇÃO EXTERNA DE AEROGERADOR - M6;1
CE;2026-04-28 09:19:00;2026-04-28 09:28:00;COQ-10;SISTEMA PITCH;MPP1 - INSPEÇÃO EXTERNA DE AEROGERADOR - M6;1
CE;2026-04-28 09:20:00;2026-04-28 09:45:00;COQ-10;TORRE WTG;MPP1 - INSPEÇÃO EXTERNA DE AEROGERADOR - M6;1
CE;2026-04-28 09:29:00;2026-04-28 09:52:00;COQ-10;NACELLE;MPP1 - INSPEÇÃO EXTERNA DE AEROGERADOR - M6;1
CE;2026-04-28 09:40:00;2026-04-28 09:56:00;COQ-09;SISTEMA PITCH;MPP1 - INSPEÇÃO EXTERNA DE AEROGERADOR - M6;1
CE;2026-04-28 09:45:00;2026-04-28 10:13:00;COQ-09;TORRE WTG;MPP1 - INSPEÇÃO EXTERNA DE AEROGERADOR - M6;1
CE;2026-04-28 09:50:00;2026-04-28 10:05:00;COQ-09;GERADOR;MPP1 - INSPEÇÃO EXTERNA DE AEROGERADOR - M6;1
CE;2026-04-28 09:50:00;2026-04-28 10:06:00;COQ-09;NACELLE;MPP1 - INSPEÇÃO EXTERNA DE AEROGERADOR - M6;1
CE;2026-04-28 10:00:00;2026-04-28 10:04:00;COQ-09;CONVERSOR;MPP1 - INSPEÇÃO EXTERNA DE AEROGERADOR - M6;1
CE;2026-04-28 10:00:00;2026-04-28 10:42:00;COQ-07;NACELLE;MPP1 - INSPEÇÃO EXTERNA DE AEROGERADOR - M6;1
CE;2026-04-28 10:05:00;2026-04-28 10:26:00;COQ-08;NACELLE;MPP1 - INSPEÇÃO EXTERNA DE AEROGERADOR - M6;1
CE;2026-04-28 10:05:00;2026-04-28 10:34:00;COQ-08;TORRE WTG;MPP1 - INSPEÇÃO EXTERNA DE AEROGERADOR - M6;1
CE;2026-04-28 10:10:00;2026-04-28 10:33:00;COQ-08;GERADOR;MPP1 - INSPEÇÃO EXTERNA DE AEROGERADOR - M6;1
CE;2026-04-28 10:15:00;2026-04-28 10:24:00;COQ-08;CONVERSOR;MPP1 - INSPEÇÃO EXTERNA DE AEROGERADOR - M6;1
CE;2026-04-28 10:15:00;2026-04-28 10:26:00;COQ-08;SISTEMA PITCH;MPP1 - INSPEÇÃO EXTERNA DE AEROGERADOR - M6;1
CE;2026-04-28 10:20:00;2026-04-28 10:39:00;COQ-07;CONVERSOR;MPP1 - INSPEÇÃO EXTERNA DE AEROGERADOR - M6;1
CE;2026-04-28 10:29:00;2026-04-28 10:40:00;COQ-07;GERADOR;MPP1 - INSPEÇÃO EXTERNA DE AEROGERADOR - M6;1
CE;2026-04-28 10:30:00;2026-04-28 10:43:00;COQ-07;SISTEMA PITCH;MPP1 - INSPEÇÃO EXTERNA DE AEROGERADOR - M6;1
CE;2026-04-28 10:35:00;2026-04-28 10:44:00;COQ-07;TORRE WTG;MPP1 - INSPEÇÃO EXTERNA DE AEROGERADOR - M6;1
CE;2026-04-28 15:00:00;2026-04-28 15:10:00;COQ-04;CONVERSOR;MPP1 - INSPEÇÃO EXTERNA DE AEROGERADOR - M6;1
CE;2026-04-28 15:00:00;2026-04-28 15:10:00;COQ-04;GERADOR;MPP1 - INSPEÇÃO EXTERNA DE AEROGERADOR - M6;1
CE;2026-04-28 15:00:00;2026-04-28 15:20:00;COQ-04;NACELLE;MPP1 - INSPEÇÃO EXTERNA DE AEROGERADOR - M6;1
CE;2026-04-28 15:00:00;2026-04-28 15:22:00;COQ-06;NACELLE;MPP1 - INSPEÇÃO EXTERNA DE AEROGERADOR - M6;1
CE;2026-04-28 15:00:00;2026-04-28 15:27:00;COQ-06;TORRE WTG;MPP1 - INSPEÇÃO EXTERNA DE AEROGERADOR - M6;1
CE;2026-04-28 15:10:00;2026-04-28 15:35:00;COQ-05;NACELLE;MPP1 - INSPEÇÃO EXTERNA DE AEROGERADOR - M6;1
CE;2026-04-28 15:11:00;2026-04-28 15:21:00;COQ-06;CONVERSOR;MPP1 - INSPEÇÃO EXTERNA DE AEROGERADOR - M6;1
CE;2026-04-28 15:11:00;2026-04-28 15:23:00;COQ-06;SISTEMA PITCH;MPP1 - INSPEÇÃO EXTERNA DE AEROGERADOR - M6;1
CE;2026-04-28 15:15:00;2026-04-28 15:36:00;COQ-05;SISTEMA PITCH;MPP1 - INSPEÇÃO EXTERNA DE AEROGERADOR - M6;1
CE;2026-04-28 15:20:00;2026-04-28 15:33:00;COQ-05;CONVERSOR;MPP1 - INSPEÇÃO EXTERNA DE AEROGERADOR - M6;1
CE;2026-04-28 15:20:00;2026-04-28 15:34:00;COQ-05;GERADOR;MPP1 - INSPEÇÃO EXTERNA DE AEROGERADOR - M6;1
CE;2026-04-28 15:21:00;2026-04-28 15:22:00;COQ-06;GERADOR;MPP1 - INSPEÇÃO EXTERNA DE AEROGERADOR - M6;1
CE;2026-04-28 15:35:00;2026-04-28 15:59:00;COQ-05;TORRE WTG;MPP1 - INSPEÇÃO EXTERNA DE AEROGERADOR - M6;1
CE;2026-04-28 15:40:00;2026-04-28 15:56:00;COQ-04;SISTEMA PITCH;MPP1 - INSPEÇÃO EXTERNA DE AEROGERADOR - M6;1
CE;2026-04-28 15:45:00;2026-04-28 16:05:00;COQ-03;NACELLE;MPP1 - INSPEÇÃO EXTERNA DE AEROGERADOR - M6;1
CE;2026-04-28 15:45:00;2026-04-28 16:06:00;COQ-03;TORRE WTG;MPP1 - INSPEÇÃO EXTERNA DE AEROGERADOR - M6;1
CE;2026-04-28 16:00:00;2026-04-28 16:03:00;COQ-03;CONVERSOR;MPP1 - INSPEÇÃO EXTERNA DE AEROGERADOR - M6;1
CE;2026-04-28 16:00:00;2026-04-28 16:04:00;COQ-03;GERADOR;MPP1 - INSPEÇÃO EXTERNA DE AEROGERADOR - M6;1
CE;2026-04-28 16:00:00;2026-04-28 16:05:00;COQ-03;SISTEMA PITCH;MPP1 - INSPEÇÃO EXTERNA DE AEROGERADOR - M6;1
CE;2026-04-28 16:00:00;2026-04-28 16:15:00;COQ-02;NACELLE;MPP1 - INSPEÇÃO EXTERNA DE AEROGERADOR - M6;1
CE;2026-04-28 16:00:00;2026-04-28 16:15:00;COQ-02;TORRE WTG;MPP1 - INSPEÇÃO EXTERNA DE AEROGERADOR - M6;1
CE;2026-04-28 16:05:00;2026-04-28 16:10:00;COQ-02;CONVERSOR;MPP1 - INSPEÇÃO EXTERNA DE AEROGERADOR - M6;1
CE;2026-04-28 16:05:00;2026-04-28 16:12:00;COQ-02;SISTEMA PITCH;MPP1 - INSPEÇÃO EXTERNA DE AEROGERADOR - M6;1
CE;2026-04-28 16:08:00;2026-04-28 16:11:00;COQ-02;GERADOR;MPP1 - INSPEÇÃO EXTERNA DE AEROGERADOR - M6;1
CE;2026-04-28 16:10:00;2026-04-28 16:18:00;COQ-01;CONVERSOR;MPP1 - INSPEÇÃO EXTERNA DE AEROGERADOR - M6;1
CE;2026-04-28 16:10:00;2026-04-28 16:19:00;COQ-01;NACELLE;MPP1 - INSPEÇÃO EXTERNA DE AEROGERADOR - M6;1
CE;2026-04-28 16:10:00;2026-04-28 16:20:00;COQ-01;TORRE WTG;MPP1 - INSPEÇÃO EXTERNA DE AEROGERADOR - M6;1
CE;2026-04-28 16:15:00;2026-04-28 16:18:00;COQ-01;GERADOR;MPP1 - INSPEÇÃO EXTERNA DE AEROGERADOR - M6;1
CE;2026-04-28 16:15:00;2026-04-28 16:21:00;COQ-01;SISTEMA PITCH;MPP1 - INSPEÇÃO EXTERNA DE AEROGERADOR - M6;1
CE;2026-05-05 09:00:00;2026-05-05 09:11:00;CAJ-03;CONVERSOR;MPP1 - INSPEÇÃO EXTERNA DE AEROGERADOR - M6;1
CE;2026-05-05 09:00:00;2026-05-05 09:20:00;CAJ-02;TORRE WTG;MPP1 - INSPEÇÃO EXTERNA DE AEROGERADOR - M6;1
CE;2026-05-05 09:01:00;2026-05-05 09:14:00;CAJ-02;SISTEMA PITCH;MPP1 - INSPEÇÃO EXTERNA DE AEROGERADOR - M6;1
CE;2026-05-05 09:15:00;2026-05-05 09:23:00;CAJ-02;CONVERSOR;MPP1 - INSPEÇÃO EXTERNA DE AEROGERADOR - M6;1
CE;2026-05-05 09:15:00;2026-05-05 09:28:00;CAJ-02;NACELLE;MPP1 - INSPEÇÃO EXTERNA DE AEROGERADOR - M6;1
CE;2026-05-05 09:20:00;2026-05-05 09:31:00;CAJ-02;GERADOR;MPP1 - INSPEÇÃO EXTERNA DE AEROGERADOR - M6;1
CE;2026-05-05 09:25:00;2026-05-05 09:45:00;CAJ-01;SISTEMA PITCH;MPP1 - INSPEÇÃO EXTERNA DE AEROGERADOR - M6;1
CE;2026-05-05 09:34:00;2026-05-05 09:48:00;CAJ-01;GERADOR;MPP1 - INSPEÇÃO EXTERNA DE AEROGERADOR - M6;1
CE;2026-05-05 09:40:00;2026-05-05 09:51:00;CAJ-01;NACELLE;MPP1 - INSPEÇÃO EXTERNA DE AEROGERADOR - M6;1
CE;2026-05-05 10:00:00;2026-05-05 10:10:00;CAJ-01;CONVERSOR;MPP1 - INSPEÇÃO EXTERNA DE AEROGERADOR - M6;1
CE;2026-05-05 10:00:00;2026-05-05 10:10:00;CAJ-03;GERADOR;MPP1 - INSPEÇÃO EXTERNA DE AEROGERADOR - M6;1
CE;2026-05-05 10:00:00;2026-05-05 10:12:00;CAJ-03;NACELLE;MPP1 - INSPEÇÃO EXTERNA DE AEROGERADOR - M6;1
CE;2026-05-05 10:00:00;2026-05-05 10:15:00;CAJ-05;SISTEMA PITCH;MPP1 - INSPEÇÃO EXTERNA DE AEROGERADOR - M6;1
CE;2026-05-05 10:00:00;2026-05-05 10:19:00;CAJ-04;CONVERSOR;MPP1 - INSPEÇÃO EXTERNA DE AEROGERADOR - M6;1
CE;2026-05-05 10:00:00;2026-05-05 10:24:00;CAJ-01;TORRE WTG;MPP1 - INSPEÇÃO EXTERNA DE AEROGERADOR - M6;1
CE;2026-05-05 10:01:00;2026-05-05 10:12:00;CAJ-03;SISTEMA PITCH;MPP1 - INSPEÇÃO EXTERNA DE AEROGERADOR - M6;1
CE;2026-05-05 10:01:00;2026-05-05 10:15:00;CAJ-03;TORRE WTG;MPP1 - INSPEÇÃO EXTERNA DE AEROGERADOR - M6;1
CE;2026-05-05 10:01:00;2026-05-05 10:23:00;CAJ-04;SISTEMA PITCH;MPP1 - INSPEÇÃO EXTERNA DE AEROGERADOR - M6;1
CE;2026-05-05 10:10:00;2026-05-05 10:20:00;CAJ-04;GERADOR;MPP1 - INSPEÇÃO EXTERNA DE AEROGERADOR - M6;1
CE;2026-05-05 10:10:00;2026-05-05 10:34:00;CAJ-05;NACELLE;MPP1 - INSPEÇÃO EXTERNA DE AEROGERADOR - M6;1
CE;2026-05-05 10:15:00;2026-05-05 10:22:00;CAJ-04;NACELLE;MPP1 - INSPEÇÃO EXTERNA DE AEROGERADOR - M6;1
CE;2026-05-05 10:24:00;2026-05-05 10:34:00;CAJ-05;GERADOR;MPP1 - INSPEÇÃO EXTERNA DE AEROGERADOR - M6;1
CE;2026-05-05 10:25:00;2026-05-05 10:33:00;CAJ-05;CONVERSOR;MPP1 - INSPEÇÃO EXTERNA DE AEROGERADOR - M6;1
CE;2026-05-05 10:30:00;2026-05-05 10:40:00;CAJ-05;TORRE WTG;MPP1 - INSPEÇÃO EXTERNA DE AEROGERADOR - M6;1
CE;2026-05-05 10:35:00;2026-05-05 10:50:00;CAJ-06;SISTEMA PITCH;MPP1 - INSPEÇÃO EXTERNA DE AEROGERADOR - M6;1
CE;2026-05-05 10:40:00;2026-05-05 10:51:00;CAJ-06;NACELLE;MPP1 - INSPEÇÃO EXTERNA DE AEROGERADOR - M6;1
CE;2026-05-05 10:45:00;2026-05-05 10:54:00;CAJ-06;CONVERSOR;MPP1 - INSPEÇÃO EXTERNA DE AEROGERADOR - M6;1
CE;2026-05-05 10:46:00;2026-05-05 10:53:00;CAJ-06;GERADOR;MPP1 - INSPEÇÃO EXTERNA DE AEROGERADOR - M6;1
CE;2026-05-05 11:30:00;2026-05-05 11:39:00;CAJ-06;TORRE WTG;MPP1 - INSPEÇÃO EXTERNA DE AEROGERADOR - M6;1
CE;2026-05-05 15:43:00;2026-05-05 15:56:00;CAJ-04;TORRE WTG;MPP1 - INSPEÇÃO EXTERNA DE AEROGERADOR - M6;1
CE;2026-05-06 08:00:00;2026-05-06 17:00:00;CAJ-05;AEROGERADOR;AVALIAÇÃO DE EQUIPE;1
CE;2026-05-06 09:00:00;2026-05-06 15:00:00;CAJ-05;GERADOR;INSPEÇÃO DE MANUTENÇÃO PREVENTIVA ANUAL;1
CE;2026-05-06 09:29:00;2026-05-06 17:00:00;CAJ-05;NACELLE;INSPEÇÃO DE MANUTENÇÃO PREVENTIVA ANUAL;1
CE;2026-05-06 09:33:00;2026-05-06 16:30:00;CAJ-05;SISTEMA PITCH;INSPEÇÃO DE MANUTENÇÃO PREVENTIVA ANUAL;1
CE;2026-05-06 15:35:00;2026-05-06 17:00:00;CAJ-05;TORRE WTG;INSPEÇÃO DE MANUTENÇÃO PREVENTIVA ANUAL;1
CE;2026-05-07 13:00:00;2026-05-07 13:28:00;CAJ-G2;CIRCUITO;APR - PT;1
CE;2026-05-07 13:45:00;2026-05-07 14:03:00;CAJ-07;GERADOR;MPP1 - INSPEÇÃO EXTERNA DE AEROGERADOR - M6;1
CE;2026-05-07 13:50:00;2026-05-07 14:01:00;CAJ-07;CONVERSOR;MPP1 - INSPEÇÃO EXTERNA DE AEROGERADOR - M6;1
CE;2026-05-07 13:50:00;2026-05-07 14:04:00;CAJ-07;NACELLE;MPP1 - INSPEÇÃO EXTERNA DE AEROGERADOR - M6;1
CE;2026-05-07 13:50:00;2026-05-07 14:05:00;CAJ-07;SISTEMA PITCH;MPP1 - INSPEÇÃO EXTERNA DE AEROGERADOR - M6;1
CE;2026-05-07 14:00:00;2026-05-07 14:20:00;CAJ-07;TORRE WTG;MPP1 - INSPEÇÃO EXTERNA DE AEROGERADOR - M6;1
CE;2026-05-07 14:01:00;2026-05-07 14:19:00;CAJ-08;TORRE WTG;MPP1 - INSPEÇÃO EXTERNA DE AEROGERADOR - M6;1
CE;2026-05-07 14:06:00;2026-05-07 14:25:00;CAJ-08;NACELLE;MPP1 - INSPEÇÃO EXTERNA DE AEROGERADOR - M6;1
CE;2026-05-07 14:10:00;2026-05-07 14:26:00;CAJ-08;SISTEMA PITCH;MPP1 - INSPEÇÃO EXTERNA DE AEROGERADOR - M6;1
CE;2026-05-07 14:14:00;2026-05-07 15:41:00;CAJ-08;CONVERSOR;MPP1 - INSPEÇÃO EXTERNA DE AEROGERADOR - M6;1
CE;2026-05-07 14:19:00;2026-05-07 14:36:00;CAJ-09;NACELLE;MPP1 - INSPEÇÃO EXTERNA DE AEROGERADOR - M6;1
CE;2026-05-07 14:20:00;2026-05-07 14:35:00;CAJ-09;GERADOR;MPP1 - INSPEÇÃO EXTERNA DE AEROGERADOR - M6;1
CE;2026-05-07 14:20:00;2026-05-07 14:37:00;CAJ-09;SISTEMA PITCH;MPP1 - INSPEÇÃO EXTERNA DE AEROGERADOR - M6;1
CE;2026-05-07 14:28:00;2026-05-07 14:45:00;CAJ-10;NACELLE;MPP1 - INSPEÇÃO EXTERNA DE AEROGERADOR - M6;1
CE;2026-05-07 14:29:00;2026-05-07 14:44:00;CAJ-08;GERADOR;MPP1 - INSPEÇÃO EXTERNA DE AEROGERADOR - M6;1
CE;2026-05-07 14:30:00;2026-05-07 14:44:00;CAJ-10;GERADOR;MPP1 - INSPEÇÃO EXTERNA DE AEROGERADOR - M6;1
CE;2026-05-07 14:35:00;2026-05-07 14:48:00;CAJ-10;SISTEMA PITCH;MPP1 - INSPEÇÃO EXTERNA DE AEROGERADOR - M6;1
CE;2026-05-07 14:43:00;2026-05-07 15:00:00;CAJ-09;CONVERSOR;MPP1 - INSPEÇÃO EXTERNA DE AEROGERADOR - M6;1
CE;2026-05-07 14:45:00;2026-05-07 14:54:00;CAJ-11;CONVERSOR;MPP1 - INSPEÇÃO EXTERNA DE AEROGERADOR - M6;1
CE;2026-05-07 14:46:00;2026-05-07 15:01:00;CAJ-10;CONVERSOR;MPP1 - INSPEÇÃO EXTERNA DE AEROGERADOR - M6;1
CE;2026-05-07 14:50:00;2026-05-07 15:00:00;CAJ-11;SISTEMA PITCH;MPP1 - INSPEÇÃO EXTERNA DE AEROGERADOR - M6;1
CE;2026-05-07 14:53:00;2026-05-07 15:15:00;CAJ-10;TORRE WTG;MPP1 - INSPEÇÃO EXTERNA DE AEROGERADOR - M6;1
CE;2026-05-07 14:55:00;2026-05-07 15:08:00;CAJ-12;NACELLE;MPP1 - INSPEÇÃO EXTERNA DE AEROGERADOR - M6;1
CE;2026-05-07 15:00:00;2026-05-07 15:06:00;CAJ-11;GERADOR;MPP1 - INSPEÇÃO EXTERNA DE AEROGERADOR - M6;1
CE;2026-05-07 15:00:00;2026-05-07 15:06:00;CAJ-12;CONVERSOR;MPP1 - INSPEÇÃO EXTERNA DE AEROGERADOR - M6;1
CE;2026-05-07 15:00:00;2026-05-07 15:07:00;CAJ-12;GERADOR;MPP1 - INSPEÇÃO EXTERNA DE AEROGERADOR - M6;1
CE;2026-05-07 15:00:00;2026-05-07 15:08:00;CAJ-12;SISTEMA PITCH;MPP1 - INSPEÇÃO EXTERNA DE AEROGERADOR - M6;1
CE;2026-05-07 15:00:00;2026-05-07 15:13:00;CAJ-13;CONVERSOR;MPP1 - INSPEÇÃO EXTERNA DE AEROGERADOR - M6;1
CE;2026-05-07 15:00:00;2026-05-07 15:15:00;CAJ-13;GERADOR;MPP1 - INSPEÇÃO EXTERNA DE AEROGERADOR - M6;1
CE;2026-05-07 15:00:00;2026-05-07 15:15:00;CAJ-13;NACELLE;MPP1 - INSPEÇÃO EXTERNA DE AEROGERADOR - M6;1
CE;2026-05-07 15:00:00;2026-05-07 15:16:00;CAJ-13;SISTEMA PITCH;MPP1 - INSPEÇÃO EXTERNA DE AEROGERADOR - M6;1
CE;2026-05-07 15:00:00;2026-05-07 15:20:00;CAJ-11;NACELLE;MPP1 - INSPEÇÃO EXTERNA DE AEROGERADOR - M6;1
CE;2026-05-07 15:01:00;2026-05-07 15:15:00;CAJ-09;TORRE WTG;MPP1 - INSPEÇÃO EXTERNA DE AEROGERADOR - M6;1
CE;2026-05-07 15:02:00;2026-05-07 15:15:00;CAJ-11;TORRE WTG;MPP1 - INSPEÇÃO EXTERNA DE AEROGERADOR - M6;1
CE;2026-05-07 15:10:00;2026-05-07 15:30:00;CAJ-12;TORRE WTG;MPP1 - INSPEÇÃO EXTERNA DE AEROGERADOR - M6;1
CE;2026-05-07 15:20:00;2026-05-07 15:36:00;CAJ-13;TORRE WTG;MPP1 - INSPEÇÃO EXTERNA DE AEROGERADOR - M6;1
CE;2026-05-08 08:04:00;2026-05-08 10:02:00;CAJ-G3;CIRCUITO;APR - PT;1
CE;2026-05-08 08:10:00;2026-05-08 08:35:00;CAJ-20;CONVERSOR;MPP1 - INSPEÇÃO EXTERNA DE AEROGERADOR - M6;1
CE;2026-05-08 08:30:00;2026-05-08 08:45:00;CAJ-20;SISTEMA PITCH;MPP1 - INSPEÇÃO EXTERNA DE AEROGERADOR - M6;1
CE;2026-05-08 08:33:00;2026-05-08 08:48:00;CAJ-20;TORRE WTG;MPP1 - INSPEÇÃO EXTERNA DE AEROGERADOR - M6;1
CE;2026-05-08 08:34:00;2026-05-08 08:44:00;CAJ-20;GERADOR;MPP1 - INSPEÇÃO EXTERNA DE AEROGERADOR - M6;1
CE;2026-05-08 08:34:00;2026-05-08 08:45:00;CAJ-20;NACELLE;MPP1 - INSPEÇÃO EXTERNA DE AEROGERADOR - M6;1
CE;2026-05-08 08:35:00;2026-05-08 08:53:00;CAJ-19;NACELLE;MPP1 - INSPEÇÃO EXTERNA DE AEROGERADOR - M6;1
CE;2026-05-08 08:40:00;2026-05-08 08:54:00;CAJ-19;SISTEMA PITCH;MPP1 - INSPEÇÃO EXTERNA DE AEROGERADOR - M6;1
CE;2026-05-08 08:44:00;2026-05-08 08:52:00;CAJ-19;GERADOR;MPP1 - INSPEÇÃO EXTERNA DE AEROGERADOR - M6;1
CE;2026-05-08 08:50:00;2026-05-08 09:00:00;CAJ-19;CONVERSOR;MPP1 - INSPEÇÃO EXTERNA DE AEROGERADOR - M6;1
CE;2026-05-08 08:50:00;2026-05-08 09:03:00;CAJ-18;CONVERSOR;MPP1 - INSPEÇÃO EXTERNA DE AEROGERADOR - M6;1
CE;2026-05-08 08:50:00;2026-05-08 09:06:00;CAJ-18;NACELLE;MPP1 - INSPEÇÃO EXTERNA DE AEROGERADOR - M6;1
CE;2026-05-08 08:50:00;2026-05-08 09:07:00;CAJ-18;SISTEMA PITCH;MPP1 - INSPEÇÃO EXTERNA DE AEROGERADOR - M6;1
CE;2026-05-08 08:50:00;2026-05-08 09:09:00;CAJ-18;TORRE WTG;MPP1 - INSPEÇÃO EXTERNA DE AEROGERADOR - M6;1
CE;2026-05-08 09:00:00;2026-05-08 09:19:00;CAJ-18;GERADOR;MPP1 - INSPEÇÃO EXTERNA DE AEROGERADOR - M6;1
CE;2026-05-08 09:00:00;2026-05-08 09:20:00;CAJ-17;SISTEMA PITCH;MPP1 - INSPEÇÃO EXTERNA DE AEROGERADOR - M6;1
CE;2026-05-08 09:03:00;2026-05-08 09:10:00;CAJ-14;CONVERSOR;MPP1 - INSPEÇÃO EXTERNA DE AEROGERADOR - M6;1
CE;2026-05-08 09:12:00;2026-05-08 09:25:00;CAJ-15;CONVERSOR;MPP1 - INSPEÇÃO EXTERNA DE AEROGERADOR - M6;1
CE;2026-05-08 09:15:00;2026-05-08 09:21:00;CAJ-17;TORRE WTG;MPP1 - INSPEÇÃO EXTERNA DE AEROGERADOR - M6;1
CE;2026-05-08 09:15:00;2026-05-08 09:23:00;CAJ-16;GERADOR;MPP1 - INSPEÇÃO EXTERNA DE AEROGERADOR - M6;1
CE;2026-05-08 09:15:00;2026-05-08 09:24:00;CAJ-16;NACELLE;MPP1 - INSPEÇÃO EXTERNA DE AEROGERADOR - M6;1
CE;2026-05-08 09:17:00;2026-05-08 09:25:00;CAJ-17;GERADOR;MPP1 - INSPEÇÃO EXTERNA DE AEROGERADOR - M6;1
CE;2026-05-08 09:19:00;2026-05-08 09:25:00;CAJ-17;CONVERSOR;MPP1 - INSPEÇÃO EXTERNA DE AEROGERADOR - M6;1
CE;2026-05-08 09:20:00;2026-05-08 09:25:00;CAJ-16;SISTEMA PITCH;MPP1 - INSPEÇÃO EXTERNA DE AEROGERADOR - M6;1
CE;2026-05-08 09:20:00;2026-05-08 09:35:00;CAJ-15;TORRE WTG;MPP1 - INSPEÇÃO EXTERNA DE AEROGERADOR - M6;1
CE;2026-05-08 09:20:00;2026-05-08 09:35:00;CAJ-16;CONVERSOR;MPP1 - INSPEÇÃO EXTERNA DE AEROGERADOR - M6;1
CE;2026-05-08 09:24:00;2026-05-08 09:33:00;CAJ-15;GERADOR;MPP1 - INSPEÇÃO EXTERNA DE AEROGERADOR - M6;1
CE;2026-05-08 09:24:00;2026-05-08 09:34:00;CAJ-15;NACELLE;MPP1 - INSPEÇÃO EXTERNA DE AEROGERADOR - M6;1
CE;2026-05-08 09:25:00;2026-05-08 09:34:00;CAJ-15;SISTEMA PITCH;MPP1 - INSPEÇÃO EXTERNA DE AEROGERADOR - M6;1
CE;2026-05-08 09:25:00;2026-05-08 09:43:00;CAJ-14;NACELLE;MPP1 - INSPEÇÃO EXTERNA DE AEROGERADOR - M6;1
CE;2026-05-08 09:26:00;2026-05-08 09:35:00;CAJ-19;TORRE WTG;MPP1 - INSPEÇÃO EXTERNA DE AEROGERADOR - M6;1
CE;2026-05-08 09:27:00;2026-05-08 09:48:00;CAJ-14;TORRE WTG;MPP1 - INSPEÇÃO EXTERNA DE AEROGERADOR - M6;1
CE;2026-05-08 09:30:00;2026-05-08 09:40:00;CAJ-16;TORRE WTG;MPP1 - INSPEÇÃO EXTERNA DE AEROGERADOR - M6;1
CE;2026-05-08 09:30:00;2026-05-08 09:40:00;CAJ-17;NACELLE;MPP1 - INSPEÇÃO EXTERNA DE AEROGERADOR - M6;1
CE;2026-05-08 09:30:00;2026-05-08 09:42:00;CAJ-14;GERADOR;MPP1 - INSPEÇÃO EXTERNA DE AEROGERADOR - M6;1
CE;2026-05-08 09:50:00;2026-05-08 10:06:00;CAJ-14;SISTEMA PITCH;MPP1 - INSPEÇÃO EXTERNA DE AEROGERADOR - M6;1
CE;2026-05-10 15:21:00;2026-05-10 16:15:00;MOR-16;CONVERSOR;INSPEÇÃO DE QUALIDADE DE AEROGERADOR;1
CE;2026-05-12 08:20:00;2026-05-12 13:57:00;QXB-06;CONVERSOR;INSPEÇÃO DE MANUTENÇÃO PREVENTIVA ANUAL;1
CE;2026-05-13 08:10:00;2026-05-13 08:24:00;QXB-01;CONVERSOR;MPP1 - INSPEÇÃO EXTERNA DE AEROGERADOR - M6;1
CE;2026-05-13 08:12:00;2026-05-13 08:33:00;QXB-02;GERADOR;MPP1 - INSPEÇÃO EXTERNA DE AEROGERADOR - M6;1
CE;2026-05-13 08:15:00;2026-05-13 08:34:00;QXB-02;NACELLE;MPP1 - INSPEÇÃO EXTERNA DE AEROGERADOR - M6;1
CE;2026-05-13 08:16:00;2026-05-13 08:27:00;QXB-01;NACELLE;MPP1 - INSPEÇÃO EXTERNA DE AEROGERADOR - M6;1
CE;2026-05-13 08:19:00;2026-05-13 08:25:00;QXB-01;GERADOR;MPP1 - INSPEÇÃO EXTERNA DE AEROGERADOR - M6;1
CE;2026-05-13 08:19:00;2026-05-13 08:42:00;QXB-03;TORRE WTG;MPP1 - INSPEÇÃO EXTERNA DE AEROGERADOR - M6;1
CE;2026-05-13 08:20:00;2026-05-13 08:27:00;QXB-01;SISTEMA PITCH;MPP1 - INSPEÇÃO EXTERNA DE AEROGERADOR - M6;1
CE;2026-05-13 08:20:00;2026-05-13 08:29:00;QXB-01;TORRE WTG;MPP1 - INSPEÇÃO EXTERNA DE AEROGERADOR - M6;1
CE;2026-05-13 08:20:00;2026-05-13 08:36:00;QXB-02;TORRE WTG;MPP1 - INSPEÇÃO EXTERNA DE AEROGERADOR - M6;1
CE;2026-05-13 08:20:00;2026-05-13 08:39:00;QXB-03;GERADOR;MPP1 - INSPEÇÃO EXTERNA DE AEROGERADOR - M6;1
CE;2026-05-13 08:20:00;2026-05-13 08:41:00;QXB-03;SISTEMA PITCH;MPP1 - INSPEÇÃO EXTERNA DE AEROGERADOR - M6;1
CE;2026-05-13 08:23:00;2026-05-13 08:34:00;QXB-02;SISTEMA PITCH;MPP1 - INSPEÇÃO EXTERNA DE AEROGERADOR - M6;1
CE;2026-05-13 08:25:00;2026-05-13 08:40:00;QXB-03;NACELLE;MPP1 - INSPEÇÃO EXTERNA DE AEROGERADOR - M6;1
CE;2026-05-13 08:30:00;2026-05-13 08:47:00;QXB-04;GERADOR;MPP1 - INSPEÇÃO EXTERNA DE AEROGERADOR - M6;1
CE;2026-05-13 08:34:00;2026-05-13 08:47:00;QXB-04;NACELLE;MPP1 - INSPEÇÃO EXTERNA DE AEROGERADOR - M6;1
CE;2026-05-13 08:35:00;2026-05-13 08:48:00;QXB-04;SISTEMA PITCH;MPP1 - INSPEÇÃO EXTERNA DE AEROGERADOR - M6;1
CE;2026-05-13 08:35:00;2026-05-13 08:49:00;QXB-04;TORRE WTG;MPP1 - INSPEÇÃO EXTERNA DE AEROGERADOR - M6;1
CE;2026-05-13 08:37:00;2026-05-13 08:46:00;QXB-03;CONVERSOR;MPP1 - INSPEÇÃO EXTERNA DE AEROGERADOR - M6;1
CE;2026-05-13 08:40:00;2026-05-13 08:51:00;QXB-05;CONVERSOR;MPP1 - INSPEÇÃO EXTERNA DE AEROGERADOR - M6;1
CE;2026-05-13 08:44:00;2026-05-13 08:51:00;QXB-05;GERADOR;MPP1 - INSPEÇÃO EXTERNA DE AEROGERADOR - M6;1
CE;2026-05-13 08:45:00;2026-05-13 08:52:00;QXB-05;NACELLE;MPP1 - INSPEÇÃO EXTERNA DE AEROGERADOR - M6;1
CE;2026-05-13 08:45:00;2026-05-13 08:52:00;QXB-05;SISTEMA PITCH;MPP1 - INSPEÇÃO EXTERNA DE AEROGERADOR - M6;1
CE;2026-05-13 08:45:00;2026-05-13 08:54:00;QXB-05;TORRE WTG;MPP1 - INSPEÇÃO EXTERNA DE AEROGERADOR - M6;1
CE;2026-05-13 08:45:00;2026-05-13 08:55:00;QXB-04;CONVERSOR;MPP1 - INSPEÇÃO EXTERNA DE AEROGERADOR - M6;1
CE;2026-05-13 08:45:00;2026-05-13 08:56:00;QXB-06;CONVERSOR;MPP1 - INSPEÇÃO EXTERNA DE AEROGERADOR - M6;1
CE;2026-05-13 08:50:00;2026-05-13 08:57:00;QXB-06;GERADOR;MPP1 - INSPEÇÃO EXTERNA DE AEROGERADOR - M6;1
CE;2026-05-13 08:50:00;2026-05-13 08:58:00;QXB-06;NACELLE;MPP1 - INSPEÇÃO EXTERNA DE AEROGERADOR - M6;1
CE;2026-05-13 08:50:00;2026-05-13 08:59:00;QXB-06;SISTEMA PITCH;MPP1 - INSPEÇÃO EXTERNA DE AEROGERADOR - M6;1
CE;2026-05-13 08:50:00;2026-05-13 09:00:00;QXB-06;TORRE WTG;MPP1 - INSPEÇÃO EXTERNA DE AEROGERADOR - M6;1
CE;2026-05-13 08:55:00;2026-05-13 09:05:00;QXB-02;CONVERSOR;MPP1 - INSPEÇÃO EXTERNA DE AEROGERADOR - M6;1
CE;2026-05-13 09:00:00;2026-05-13 09:06:00;QXB-07;CONVERSOR;MPP1 - INSPEÇÃO EXTERNA DE AEROGERADOR - M6;1
CE;2026-05-13 09:00:00;2026-05-13 09:07:00;QXB-07;GERADOR;MPP1 - INSPEÇÃO EXTERNA DE AEROGERADOR - M6;1
CE;2026-05-13 09:00:00;2026-05-13 09:08:00;QXB-07;NACELLE;MPP1 - INSPEÇÃO EXTERNA DE AEROGERADOR - M6;1
CE;2026-05-13 09:00:00;2026-05-13 09:08:00;QXB-07;SISTEMA PITCH;MPP1 - INSPEÇÃO EXTERNA DE AEROGERADOR - M6;1
CE;2026-05-13 09:00:00;2026-05-13 09:10:00;QXB-07;TORRE WTG;MPP1 - INSPEÇÃO EXTERNA DE AEROGERADOR - M6;1
CE;2026-05-13 09:00:00;2026-05-13 09:13:00;QXB-08;CONVERSOR;MPP1 - INSPEÇÃO EXTERNA DE AEROGERADOR - M6;1
CE;2026-05-13 09:01:00;2026-05-13 09:14:00;QXB-08;GERADOR;MPP1 - INSPEÇÃO EXTERNA DE AEROGERADOR - M6;1
CE;2026-05-13 09:06:00;2026-05-13 09:15:00;QXB-08;NACELLE;MPP1 - INSPEÇÃO EXTERNA DE AEROGERADOR - M6;1
CE;2026-05-13 09:06:00;2026-05-13 09:16:00;QXB-08;TORRE WTG;MPP1 - INSPEÇÃO EXTERNA DE AEROGERADOR - M6;1
CE;2026-05-13 09:10:00;2026-05-13 09:15:00;QXB-08;SISTEMA PITCH;MPP1 - INSPEÇÃO EXTERNA DE AEROGERADOR - M6;1
CE;2026-05-13 09:10:00;2026-05-13 09:19:00;QXB-09;SISTEMA PITCH;MPP1 - INSPEÇÃO EXTERNA DE AEROGERADOR - M6;1
CE;2026-05-13 09:10:00;2026-05-13 09:20:00;QXB-09;TORRE WTG;MPP1 - INSPEÇÃO EXTERNA DE AEROGERADOR - M6;1
CE;2026-05-13 09:11:00;2026-05-13 09:22:00;QXB-10;CONVERSOR;MPP1 - INSPEÇÃO EXTERNA DE AEROGERADOR - M6;1
CE;2026-05-13 09:15:00;2026-05-13 09:18:00;QXB-09;CONVERSOR;MPP1 - INSPEÇÃO EXTERNA DE AEROGERADOR - M6;1
CE;2026-05-13 09:15:00;2026-05-13 09:19:00;QXB-09;GERADOR;MPP1 - INSPEÇÃO EXTERNA DE AEROGERADOR - M6;1
CE;2026-05-13 09:15:00;2026-05-13 09:19:00;QXB-09;NACELLE;MPP1 - INSPEÇÃO EXTERNA DE AEROGERADOR - M6;1
CE;2026-05-13 09:15:00;2026-05-13 09:22:00;QXB-10;GERADOR;MPP1 - INSPEÇÃO EXTERNA DE AEROGERADOR - M6;1
CE;2026-05-13 09:15:00;2026-05-13 09:23:00;QXB-10;NACELLE;MPP1 - INSPEÇÃO EXTERNA DE AEROGERADOR - M6;1
CE;2026-05-13 09:15:00;2026-05-13 09:23:00;QXB-10;SISTEMA PITCH;MPP1 - INSPEÇÃO EXTERNA DE AEROGERADOR - M6;1
CE;2026-05-13 09:15:00;2026-05-13 09:24:00;QXB-10;TORRE WTG;MPP1 - INSPEÇÃO EXTERNA DE AEROGERADOR - M6;1
CE;2026-05-13 09:15:00;2026-05-13 09:26:00;QXB-11;CONVERSOR;MPP1 - INSPEÇÃO EXTERNA DE AEROGERADOR - M6;1
CE;2026-05-13 09:15:00;2026-05-13 09:28:00;QXB-11;SISTEMA PITCH;MPP1 - INSPEÇÃO EXTERNA DE AEROGERADOR - M6;1
CE;2026-05-13 09:20:00;2026-05-13 09:26:00;QXB-11;GERADOR;MPP1 - INSPEÇÃO EXTERNA DE AEROGERADOR - M6;1
CE;2026-05-13 09:20:00;2026-05-13 09:27:00;QXB-11;NACELLE;MPP1 - INSPEÇÃO EXTERNA DE AEROGERADOR - M6;1
CE;2026-05-13 09:20:00;2026-05-13 09:30:00;QXB-11;TORRE WTG;MPP1 - INSPEÇÃO EXTERNA DE AEROGERADOR - M6;1
CE;2026-05-13 14:00:00;2026-05-13 14:10:00;QXB-17;CONVERSOR;MPP1 - INSPEÇÃO EXTERNA DE AEROGERADOR - M6;1
CE;2026-05-13 14:00:00;2026-05-13 14:10:00;QXB-17;GERADOR;MPP1 - INSPEÇÃO EXTERNA DE AEROGERADOR - M6;1
CE;2026-05-13 14:00:00;2026-05-13 14:11:00;QXB-17;NACELLE;MPP1 - INSPEÇÃO EXTERNA DE AEROGERADOR - M6;1
CE;2026-05-13 14:01:00;2026-05-13 14:11:00;QXB-17;SISTEMA PITCH;MPP1 - INSPEÇÃO EXTERNA DE AEROGERADOR - M6;1
CE;2026-05-13 14:01:00;2026-05-13 14:14:00;QXB-17;TORRE WTG;MPP1 - INSPEÇÃO EXTERNA DE AEROGERADOR - M6;1
CE;2026-05-13 14:10:00;2026-05-13 14:16:00;QXB-16;CONVERSOR;MPP1 - INSPEÇÃO EXTERNA DE AEROGERADOR - M6;1
CE;2026-05-13 14:10:00;2026-05-13 14:17:00;QXB-16;GERADOR;MPP1 - INSPEÇÃO EXTERNA DE AEROGERADOR - M6;1
CE;2026-05-13 14:10:00;2026-05-13 14:18:00;QXB-16;NACELLE;MPP1 - INSPEÇÃO EXTERNA DE AEROGERADOR - M6;1
CE;2026-05-13 14:10:00;2026-05-13 14:18:00;QXB-16;SISTEMA PITCH;MPP1 - INSPEÇÃO EXTERNA DE AEROGERADOR - M6;1
CE;2026-05-13 14:10:00;2026-05-13 14:20:00;QXB-16;TORRE WTG;MPP1 - INSPEÇÃO EXTERNA DE AEROGERADOR - M6;1
CE;2026-05-13 14:10:00;2026-05-13 14:26:00;QXB-15;TORRE WTG;MPP1 - INSPEÇÃO EXTERNA DE AEROGERADOR - M6;1
CE;2026-05-13 14:15:00;2026-05-13 14:23:00;QXB-15;CONVERSOR;MPP1 - INSPEÇÃO EXTERNA DE AEROGERADOR - M6;1
CE;2026-05-13 14:15:00;2026-05-13 14:24:00;QXB-15;NACELLE;MPP1 - INSPEÇÃO EXTERNA DE AEROGERADOR - M6;1
CE;2026-05-13 14:15:00;2026-05-13 14:25:00;QXB-15;SISTEMA PITCH;MPP1 - INSPEÇÃO EXTERNA DE AEROGERADOR - M6;1
CE;2026-05-13 14:20:00;2026-05-13 14:24:00;QXB-15;GERADOR;MPP1 - INSPEÇÃO EXTERNA DE AEROGERADOR - M6;1
CE;2026-05-13 14:35:00;2026-05-13 14:50:00;QXB-14;CONVERSOR;MPP1 - INSPEÇÃO EXTERNA DE AEROGERADOR - M6;1
CE;2026-05-13 14:35:00;2026-05-13 14:51:00;QXB-14;TORRE WTG;MPP1 - INSPEÇÃO EXTERNA DE AEROGERADOR - M6;1
CE;2026-05-13 14:35:00;2026-05-13 14:53:00;QXB-14;GERADOR;MPP1 - INSPEÇÃO EXTERNA DE AEROGERADOR - M6;1
CE;2026-05-13 14:40:00;2026-05-13 14:52:00;QXB-14;SISTEMA PITCH;MPP1 - INSPEÇÃO EXTERNA DE AEROGERADOR - M6;1
CE;2026-05-13 14:40:00;2026-05-13 14:59:00;QXB-13;TORRE WTG;MPP1 - INSPEÇÃO EXTERNA DE AEROGERADOR - M6;1
CE;2026-05-13 14:44:00;2026-05-13 14:56:00;QXB-13;NACELLE;MPP1 - INSPEÇÃO EXTERNA DE AEROGERADOR - M6;1
CE;2026-05-13 14:45:00;2026-05-13 14:55:00;QXB-13;CONVERSOR;MPP1 - INSPEÇÃO EXTERNA DE AEROGERADOR - M6;1
CE;2026-05-13 14:45:00;2026-05-13 14:56:00;QXB-13;GERADOR;MPP1 - INSPEÇÃO EXTERNA DE AEROGERADOR - M6;1
CE;2026-05-13 14:45:00;2026-05-13 15:04:00;QXB-12;CONVERSOR;MPP1 - INSPEÇÃO EXTERNA DE AEROGERADOR - M6;1
CE;2026-05-13 14:45:00;2026-05-13 15:05:00;QXB-12;NACELLE;MPP1 - INSPEÇÃO EXTERNA DE AEROGERADOR - M6;1
CE;2026-05-13 14:50:00;2026-05-13 14:57:00;QXB-13;SISTEMA PITCH;MPP1 - INSPEÇÃO EXTERNA DE AEROGERADOR - M6;1
CE;2026-05-13 14:50:00;2026-05-13 14:59:00;QXB-14;NACELLE;MPP1 - INSPEÇÃO EXTERNA DE AEROGERADOR - M6;1
CE;2026-05-13 14:50:00;2026-05-13 15:02:00;QXB-12;TORRE WTG;MPP1 - INSPEÇÃO EXTERNA DE AEROGERADOR - M6;1
CE;2026-05-13 14:50:00;2026-05-13 15:04:00;QXB-12;GERADOR;MPP1 - INSPEÇÃO EXTERNA DE AEROGERADOR - M6;1
CE;2026-05-13 14:55:00;2026-05-13 15:05:00;QXB-12;SISTEMA PITCH;MPP1 - INSPEÇÃO EXTERNA DE AEROGERADOR - M6;1
CE;2026-05-19 13:50:00;2026-05-19 14:01:00;BUR-01;CONVERSOR;MPP1 - INSPEÇÃO EXTERNA DE AEROGERADOR - M6;1
CE;2026-05-19 14:00:00;2026-05-19 14:10:00;BUR-01;GERADOR;MPP1 - INSPEÇÃO EXTERNA DE AEROGERADOR - M6;1
CE;2026-05-19 14:00:00;2026-05-19 14:10:00;BUR-01;NACELLE;MPP1 - INSPEÇÃO EXTERNA DE AEROGERADOR - M6;1
CE;2026-05-19 14:00:00;2026-05-19 14:15:00;BUR-01;TORRE WTG;MPP1 - INSPEÇÃO EXTERNA DE AEROGERADOR - M6;1
CE;2026-05-19 14:10:00;2026-05-19 14:15:00;BUR-01;SISTEMA PITCH;MPP1 - INSPEÇÃO EXTERNA DE AEROGERADOR - M6;1
CE;2026-05-19 14:45:00;2026-05-19 14:55:00;BUR-02;CONVERSOR;MPP1 - INSPEÇÃO EXTERNA DE AEROGERADOR - M6;1
CE;2026-05-19 14:45:00;2026-05-19 15:07:00;BUR-03;GERADOR;MPP1 - INSPEÇÃO EXTERNA DE AEROGERADOR - M6;1
CE;2026-05-19 14:45:00;2026-05-19 15:09:00;BUR-03;NACELLE;MPP1 - INSPEÇÃO EXTERNA DE AEROGERADOR - M6;1
CE;2026-05-19 14:45:00;2026-05-19 15:09:00;BUR-03;SISTEMA PITCH;MPP1 - INSPEÇÃO EXTERNA DE AEROGERADOR - M6;1
CE;2026-05-19 14:50:00;2026-05-19 15:01:00;BUR-02;GERADOR;MPP1 - INSPEÇÃO EXTERNA DE AEROGERADOR - M6;1
CE;2026-05-19 14:50:00;2026-05-19 15:04:00;BUR-02;SISTEMA PITCH;MPP1 - INSPEÇÃO EXTERNA DE AEROGERADOR - M6;1
CE;2026-05-19 14:50:00;2026-05-19 15:05:00;BUR-02;TORRE WTG;MPP1 - INSPEÇÃO EXTERNA DE AEROGERADOR - M6;1
CE;2026-05-19 14:50:00;2026-05-19 15:07:00;BUR-03;CONVERSOR;MPP1 - INSPEÇÃO EXTERNA DE AEROGERADOR - M6;1
CE;2026-05-19 14:55:00;2026-05-19 15:02:00;BUR-02;NACELLE;MPP1 - INSPEÇÃO EXTERNA DE AEROGERADOR - M6;1
CE;2026-05-19 15:10:00;2026-05-19 15:20:00;BUR-03;TORRE WTG;MPP1 - INSPEÇÃO EXTERNA DE AEROGERADOR - M6;1
CE;2026-05-19 15:10:00;2026-05-19 15:30:00;BUR-04;CONVERSOR;MPP1 - INSPEÇÃO EXTERNA DE AEROGERADOR - M6;1
CE;2026-05-19 15:10:00;2026-05-19 15:31:00;BUR-04;GERADOR;MPP1 - INSPEÇÃO EXTERNA DE AEROGERADOR - M6;1
CE;2026-05-19 15:10:00;2026-05-19 15:33:00;BUR-04;SISTEMA PITCH;MPP1 - INSPEÇÃO EXTERNA DE AEROGERADOR - M6;1
CE;2026-05-19 15:10:00;2026-05-19 15:39:00;BUR-05;CONVERSOR;MPP1 - INSPEÇÃO EXTERNA DE AEROGERADOR - M6;1
CE;2026-05-19 15:10:00;2026-05-19 15:40:00;BUR-05;GERADOR;MPP1 - INSPEÇÃO EXTERNA DE AEROGERADOR - M6;1
CE;2026-05-19 15:15:00;2026-05-19 15:32:00;BUR-04;NACELLE;MPP1 - INSPEÇÃO EXTERNA DE AEROGERADOR - M6;1
CE;2026-05-19 15:15:00;2026-05-19 15:34:00;BUR-04;TORRE WTG;MPP1 - INSPEÇÃO EXTERNA DE AEROGERADOR - M6;1
CE;2026-05-19 15:15:00;2026-05-19 15:41:00;BUR-05;NACELLE;MPP1 - INSPEÇÃO EXTERNA DE AEROGERADOR - M6;1
CE;2026-05-19 15:20:00;2026-05-19 15:42:00;BUR-05;SISTEMA PITCH;MPP1 - INSPEÇÃO EXTERNA DE AEROGERADOR - M6;1
CE;2026-05-19 15:25:00;2026-05-19 15:38:00;BUR-06;TORRE WTG;MPP1 - INSPEÇÃO EXTERNA DE AEROGERADOR - M6;1
CE;2026-05-19 16:10:00;2026-05-19 16:25:00;BUR-06;CONVERSOR;MPP1 - INSPEÇÃO EXTERNA DE AEROGERADOR - M6;1
CE;2026-05-19 16:15:00;2026-05-19 16:26:00;BUR-06;NACELLE;MPP1 - INSPEÇÃO EXTERNA DE AEROGERADOR - M6;1
CE;2026-05-19 16:15:00;2026-05-19 16:30:00;BUR-07;CONVERSOR;MPP1 - INSPEÇÃO EXTERNA DE AEROGERADOR - M6;1
CE;2026-05-19 16:15:00;2026-05-19 16:31:00;BUR-06;GERADOR;MPP1 - INSPEÇÃO EXTERNA DE AEROGERADOR - M6;1
CE;2026-05-19 16:15:00;2026-05-19 16:31:00;BUR-07;GERADOR;MPP1 - INSPEÇÃO EXTERNA DE AEROGERADOR - M6;1
CE;2026-05-19 16:15:00;2026-05-19 16:32:00;BUR-07;NACELLE;MPP1 - INSPEÇÃO EXTERNA DE AEROGERADOR - M6;1
CE;2026-05-19 16:15:00;2026-05-19 16:33:00;BUR-07;SISTEMA PITCH;MPP1 - INSPEÇÃO EXTERNA DE AEROGERADOR - M6;1
CE;2026-05-19 16:15:00;2026-05-19 16:34:00;BUR-07;TORRE WTG;MPP1 - INSPEÇÃO EXTERNA DE AEROGERADOR - M6;1
CE;2026-05-19 16:16:00;2026-05-19 16:27:00;BUR-06;SISTEMA PITCH;MPP1 - INSPEÇÃO EXTERNA DE AEROGERADOR - M6;1
CE;2026-05-19 16:30:00;2026-05-19 16:47:00;BUR-08;NACELLE;MPP1 - INSPEÇÃO EXTERNA DE AEROGERADOR - M6;1
CE;2026-05-19 16:30:00;2026-05-19 16:48:00;BUR-08;SISTEMA PITCH;MPP1 - INSPEÇÃO EXTERNA DE AEROGERADOR - M6;1
CE;2026-05-19 16:30:00;2026-05-19 16:50:00;BUR-05;TORRE WTG;MPP1 - INSPEÇÃO EXTERNA DE AEROGERADOR - M6;1
CE;2026-05-19 16:34:00;2026-05-19 16:46:00;BUR-08;GERADOR;MPP1 - INSPEÇÃO EXTERNA DE AEROGERADOR - M6;1
CE;2026-05-19 16:35:00;2026-05-19 16:46:00;BUR-08;CONVERSOR;MPP1 - INSPEÇÃO EXTERNA DE AEROGERADOR - M6;1
CE;2026-05-19 16:35:00;2026-05-19 16:52:00;BUR-09;CONVERSOR;MPP1 - INSPEÇÃO EXTERNA DE AEROGERADOR - M6;1
CE;2026-05-19 16:43:00;2026-05-19 16:57:00;BUR-09;TORRE WTG;MPP1 - INSPEÇÃO EXTERNA DE AEROGERADOR - M6;1
CE;2026-05-19 16:45:00;2026-05-19 16:54:00;BUR-09;GERADOR;MPP1 - INSPEÇÃO EXTERNA DE AEROGERADOR - M6;1
CE;2026-05-19 16:45:00;2026-05-19 16:55:00;BUR-09;NACELLE;MPP1 - INSPEÇÃO EXTERNA DE AEROGERADOR - M6;1
CE;2026-05-19 16:45:00;2026-05-19 16:56:00;BUR-09;SISTEMA PITCH;MPP1 - INSPEÇÃO EXTERNA DE AEROGERADOR - M6;1
CE;2026-05-19 16:49:00;2026-05-19 17:00:00;BUR-08;TORRE WTG;MPP1 - INSPEÇÃO EXTERNA DE AEROGERADOR - M6;1
CE;2026-05-20 14:10:00;2026-05-20 14:23:00;BUR-20;SISTEMA PITCH;MPP1 - INSPEÇÃO EXTERNA DE AEROGERADOR - M6;1
CE;2026-05-20 14:10:00;2026-05-20 14:30:00;BUR-19;CONVERSOR;MPP1 - INSPEÇÃO EXTERNA DE AEROGERADOR - M6;1
CE;2026-05-20 14:11:00;2026-05-20 14:29:00;BUR-19;NACELLE;MPP1 - INSPEÇÃO EXTERNA DE AEROGERADOR - M6;1
CE;2026-05-20 14:12:00;2026-05-20 14:22:00;BUR-20;NACELLE;MPP1 - INSPEÇÃO EXTERNA DE AEROGERADOR - M6;1
CE;2026-05-20 14:12:00;2026-05-20 14:28:00;BUR-19;SISTEMA PITCH;MPP1 - INSPEÇÃO EXTERNA DE AEROGERADOR - M6;1
CE;2026-05-20 14:15:00;2026-05-20 14:30:00;BUR-19;GERADOR;MPP1 - INSPEÇÃO EXTERNA DE AEROGERADOR - M6;1
CE;2026-05-20 14:16:00;2026-05-20 14:21:00;BUR-20;CONVERSOR;MPP1 - INSPEÇÃO EXTERNA DE AEROGERADOR - M6;1
CE;2026-05-20 14:18:00;2026-05-20 14:22:00;BUR-20;GERADOR;MPP1 - INSPEÇÃO EXTERNA DE AEROGERADOR - M6;1
CE;2026-05-20 14:24:00;2026-05-20 14:46:00;BUR-20;TORRE WTG;MPP1 - INSPEÇÃO EXTERNA DE AEROGERADOR - M6;1
CE;2026-05-20 14:25:00;2026-05-20 14:43:00;BUR-18;NACELLE;MPP1 - INSPEÇÃO EXTERNA DE AEROGERADOR - M6;1
CE;2026-05-20 14:30:00;2026-05-20 14:42:00;BUR-18;CONVERSOR;MPP1 - INSPEÇÃO EXTERNA DE AEROGERADOR - M6;1
CE;2026-05-20 14:30:00;2026-05-20 14:43:00;BUR-18;GERADOR;MPP1 - INSPEÇÃO EXTERNA DE AEROGERADOR - M6;1
CE;2026-05-20 14:30:00;2026-05-20 14:44:00;BUR-18;SISTEMA PITCH;MPP1 - INSPEÇÃO EXTERNA DE AEROGERADOR - M6;1
CE;2026-05-20 14:30:00;2026-05-20 14:45:00;BUR-18;TORRE WTG;MPP1 - INSPEÇÃO EXTERNA DE AEROGERADOR - M6;1
CE;2026-05-20 14:45:00;2026-05-20 15:02:00;BUR-10;NACELLE;MPP1 - INSPEÇÃO EXTERNA DE AEROGERADOR - M6;1
CE;2026-05-20 14:45:00;2026-05-20 15:03:00;BUR-10;TORRE WTG;MPP1 - INSPEÇÃO EXTERNA DE AEROGERADOR - M6;1
CE;2026-05-20 14:45:00;2026-05-20 15:05:00;BUR-11;CONVERSOR;MPP1 - INSPEÇÃO EXTERNA DE AEROGERADOR - M6;1
CE;2026-05-20 14:45:00;2026-05-20 15:08:00;BUR-11;TORRE WTG;MPP1 - INSPEÇÃO EXTERNA DE AEROGERADOR - M6;1
CE;2026-05-20 14:50:00;2026-05-20 15:01:00;BUR-10;CONVERSOR;MPP1 - INSPEÇÃO EXTERNA DE AEROGERADOR - M6;1
CE;2026-05-20 14:50:00;2026-05-20 15:01:00;BUR-10;GERADOR;MPP1 - INSPEÇÃO EXTERNA DE AEROGERADOR - M6;1
CE;2026-05-20 14:50:00;2026-05-20 15:07:00;BUR-11;SISTEMA PITCH;MPP1 - INSPEÇÃO EXTERNA DE AEROGERADOR - M6;1
CE;2026-05-20 14:51:00;2026-05-20 15:06:00;BUR-11;GERADOR;MPP1 - INSPEÇÃO EXTERNA DE AEROGERADOR - M6;1
CE;2026-05-20 14:55:00;2026-05-20 15:02:00;BUR-10;SISTEMA PITCH;MPP1 - INSPEÇÃO EXTERNA DE AEROGERADOR - M6;1
CE;2026-05-20 14:56:00;2026-05-20 15:06:00;BUR-11;NACELLE;MPP1 - INSPEÇÃO EXTERNA DE AEROGERADOR - M6;1
CE;2026-05-20 15:00:00;2026-05-20 15:17:00;BUR-12;TORRE WTG;MPP1 - INSPEÇÃO EXTERNA DE AEROGERADOR - M6;1
CE;2026-05-20 15:00:00;2026-05-20 15:20:00;BUR-19;TORRE WTG;MPP1 - INSPEÇÃO EXTERNA DE AEROGERADOR - M6;1
CE;2026-05-20 15:05:00;2026-05-20 15:15:00;BUR-12;CONVERSOR;MPP1 - INSPEÇÃO EXTERNA DE AEROGERADOR - M6;1
CE;2026-05-20 15:05:00;2026-05-20 15:19:00;BUR-13;CONVERSOR;MPP1 - INSPEÇÃO EXTERNA DE AEROGERADOR - M6;1
CE;2026-05-20 15:05:00;2026-05-20 15:20:00;BUR-13;SISTEMA PITCH;MPP1 - INSPEÇÃO EXTERNA DE AEROGERADOR - M6;1
CE;2026-05-20 15:05:00;2026-05-20 15:33:00;BUR-14;TORRE WTG;MPP1 - INSPEÇÃO EXTERNA DE AEROGERADOR - M6;1
CE;2026-05-20 15:06:00;2026-05-20 15:19:00;BUR-13;GERADOR;MPP1 - INSPEÇÃO EXTERNA DE AEROGERADOR - M6;1
CE;2026-05-20 15:06:00;2026-05-20 15:20:00;BUR-13;NACELLE;MPP1 - INSPEÇÃO EXTERNA DE AEROGERADOR - M6;1
CE;2026-05-20 15:07:00;2026-05-20 15:16:00;BUR-12;NACELLE;MPP1 - INSPEÇÃO EXTERNA DE AEROGERADOR - M6;1
CE;2026-05-20 15:10:00;2026-05-20 15:16:00;BUR-12;SISTEMA PITCH;MPP1 - INSPEÇÃO EXTERNA DE AEROGERADOR - M6;1
CE;2026-05-20 15:10:00;2026-05-20 15:32:00;BUR-14;NACELLE;MPP1 - INSPEÇÃO EXTERNA DE AEROGERADOR - M6;1
CE;2026-05-20 15:12:00;2026-05-20 15:22:00;BUR-13;TORRE WTG;MPP1 - INSPEÇÃO EXTERNA DE AEROGERADOR - M6;1
CE;2026-05-20 15:13:00;2026-05-20 15:31:00;BUR-14;GERADOR;MPP1 - INSPEÇÃO EXTERNA DE AEROGERADOR - M6;1
CE;2026-05-20 15:15:00;2026-05-20 15:32:00;BUR-14;SISTEMA PITCH;MPP1 - INSPEÇÃO EXTERNA DE AEROGERADOR - M6;1
CE;2026-05-20 15:15:00;2026-05-20 15:38:00;BUR-16;SISTEMA PITCH;MPP1 - INSPEÇÃO EXTERNA DE AEROGERADOR - M6;1
CE;2026-05-20 15:19:00;2026-05-20 15:37:00;BUR-16;NACELLE;MPP1 - INSPEÇÃO EXTERNA DE AEROGERADOR - M6;1
CE;2026-05-20 15:20:00;2026-05-20 15:30:00;BUR-14;CONVERSOR;MPP1 - INSPEÇÃO EXTERNA DE AEROGERADOR - M6;1
CE;2026-05-20 15:20:00;2026-05-20 15:36:00;BUR-16;CONVERSOR;MPP1 - INSPEÇÃO EXTERNA DE AEROGERADOR - M6;1
CE;2026-05-20 15:22:00;2026-05-20 15:37:00;BUR-16;GERADOR;MPP1 - INSPEÇÃO EXTERNA DE AEROGERADOR - M6;1
CE;2026-05-20 15:40:00;2026-05-20 15:54:00;BUR-17;GERADOR;MPP1 - INSPEÇÃO EXTERNA DE AEROGERADOR - M6;1
CE;2026-05-20 15:40:00;2026-05-20 15:55:00;BUR-17;NACELLE;MPP1 - INSPEÇÃO EXTERNA DE AEROGERADOR - M6;1
CE;2026-05-20 15:43:00;2026-05-20 15:54:00;BUR-17;CONVERSOR;MPP1 - INSPEÇÃO EXTERNA DE AEROGERADOR - M6;1
CE;2026-05-20 15:45:00;2026-05-20 15:55:00;BUR-17;SISTEMA PITCH;MPP1 - INSPEÇÃO EXTERNA DE AEROGERADOR - M6;1
CE;2026-05-20 15:45:00;2026-05-20 15:59:00;BUR-15;CONVERSOR;MPP1 - INSPEÇÃO EXTERNA DE AEROGERADOR - M6;1
CE;2026-05-20 15:50:00;2026-05-20 16:03:00;BUR-12;GERADOR;MPP1 - INSPEÇÃO EXTERNA DE AEROGERADOR - M6;1
CE;2026-05-20 15:53:00;2026-05-20 16:01:00;BUR-15;SISTEMA PITCH;MPP1 - INSPEÇÃO EXTERNA DE AEROGERADOR - M6;1
CE;2026-05-20 15:55:00;2026-05-20 16:00:00;BUR-15;GERADOR;MPP1 - INSPEÇÃO EXTERNA DE AEROGERADOR - M6;1
CE;2026-05-20 15:55:00;2026-05-20 16:00:00;BUR-15;NACELLE;MPP1 - INSPEÇÃO EXTERNA DE AEROGERADOR - M6;1
CE;2026-05-20 16:00:00;2026-05-20 16:20:00;BUR-16;TORRE WTG;MPP1 - INSPEÇÃO EXTERNA DE AEROGERADOR - M6;1
CE;2026-05-20 16:01:00;2026-05-20 16:15:00;BUR-17;TORRE WTG;MPP1 - INSPEÇÃO EXTERNA DE AEROGERADOR - M6;1
CE;2026-05-20 16:30:00;2026-05-20 17:00:00;BUR-15;TORRE WTG;MPP1 - INSPEÇÃO EXTERNA DE AEROGERADOR - M6;1
CE;2026-05-22 08:00:00;2026-05-22 17:00:00;BUR-01;AEROGERADOR;AVALIAÇÃO DE EQUIPE;1
CE;2026-05-22 09:00:00;2026-05-22 17:00:00;BUR-01;NACELLE;INSPEÇÃO DE MANUTENÇÃO PREVENTIVA ANUAL;1
CE;2026-05-22 10:00:00;2026-05-22 16:00:00;BUR-01;SISTEMA PITCH;INSPEÇÃO DE MANUTENÇÃO PREVENTIVA ANUAL;1
CE;2026-05-22 13:00:00;2026-05-22 15:00:00;BUR-01;GERADOR;INSPEÇÃO DE MANUTENÇÃO PREVENTIVA ANUAL;1
CE;2026-05-22 15:00:00;2026-05-22 17:00:00;BUR-01;TORRE WTG;INSPEÇÃO DE MANUTENÇÃO PREVENTIVA ANUAL;1
CE;2026-05-27 10:00:00;2026-05-28 11:00:00;QXB-06;AEROGERADOR;AVALIAÇÃO DE EQUIPE;1
CE;2026-05-27 10:00:00;2026-05-28 11:00:00;QXB-06;NACELLE;INSPEÇÃO DE MANUTENÇÃO PREVENTIVA ANUAL;1
CE;2026-05-27 10:00:00;2026-05-28 11:00:00;QXB-06;TORRE WTG;INSPEÇÃO DE MANUTENÇÃO PREVENTIVA ANUAL;1
CE;2026-05-27 11:00:00;2026-05-28 11:01:00;QXB-06;SISTEMA PITCH;INSPEÇÃO DE MANUTENÇÃO PREVENTIVA ANUAL;1
CE;2026-05-27 13:00:00;2026-05-27 17:00:00;QXB-06;GERADOR;INSPEÇÃO DE MANUTENÇÃO PREVENTIVA ANUAL;1
CE;2026-06-01 08:00:00;2026-06-01 16:00:00;BUR-17;SISTEMA PITCH;INSPEÇÃO DE MANUTENÇÃO PREVENTIVA ANUAL;1
CE;2026-06-01 08:00:00;2026-06-01 17:00:00;BUR-17;AEROGERADOR;AVALIAÇÃO DE EQUIPE;1
CE;2026-06-01 09:00:00;2026-06-01 16:15:00;BUR-17;NACELLE;INSPEÇÃO DE MANUTENÇÃO PREVENTIVA ANUAL;1
CE;2026-06-01 11:00:00;2026-06-01 16:00:00;BUR-17;GERADOR;INSPEÇÃO DE MANUTENÇÃO PREVENTIVA ANUAL;1
CE;2026-06-01 15:00:00;2026-06-01 17:00:00;BUR-17;TORRE WTG;INSPEÇÃO DE MANUTENÇÃO PREVENTIVA ANUAL;1
CE;2026-06-15 08:00:00;2026-06-15 16:00:00;QXB-11;CONVERSOR;INSPEÇÃO DE MANUTENÇÃO PREVENTIVA ANUAL;1
CE;2026-06-15 08:00:00;2026-06-19 17:00:00;QXB-11;AEROGERADOR;AVALIAÇÃO DE EQUIPE;1
CE;2026-06-15 08:00:00;2026-06-19 17:00:00;QXB-11;GERADOR;INSPEÇÃO DE MANUTENÇÃO PREVENTIVA ANUAL;1
CE;2026-06-15 08:00:00;2026-06-19 17:00:00;QXB-11;NACELLE;INSPEÇÃO DE MANUTENÇÃO PREVENTIVA ANUAL;1
CE;2026-06-15 08:00:00;2026-06-19 17:00:00;QXB-11;SISTEMA PITCH;INSPEÇÃO DE MANUTENÇÃO PREVENTIVA ANUAL;1
CE;2026-06-15 08:00:00;2026-06-19 18:00:00;QXB-11;TORRE WTG;INSPEÇÃO DE MANUTENÇÃO PREVENTIVA ANUAL;1
CE;2026-06-17 08:00:00;2026-06-18 17:00:00;QXB-05;AEROGERADOR;APR - PT;1
CE;2026-06-17 10:08:00;2026-06-18 10:12:00;QXB-05;CONVERSOR;INSPEÇÃO DE QUALIDADE DE AEROGERADOR;1
CE;2026-06-17 14:41:00;2026-06-17 16:00:00;QXB-05;NACELLE;INSPEÇÃO DE QUALIDADE DE AEROGERADOR;1
CE;2026-06-17 15:00:00;2026-06-17 16:30:00;QXB-05;GERADOR;INSPEÇÃO DE QUALIDADE DE AEROGERADOR;1
CE;2026-06-17 15:12:00;2026-06-17 17:00:00;QXB-05;SISTEMA PITCH;INSPEÇÃO DE QUALIDADE DE AEROGERADOR;1
CE;2026-06-17 16:00:00;2026-06-17 17:00:00;QXB-05;TORRE WTG;INSPEÇÃO DE QUALIDADE DE AEROGERADOR;1
CE;2026-06-22 07:51:00;2026-06-23 12:00:00;CAJ-01;AEROGERADOR;APR - PT;1
CE;2026-06-22 09:00:00;2026-06-22 11:00:00;COQ-12;CONVERSOR;INSPEÇÃO DE QUALIDADE DE AEROGERADOR;1
CE;2026-06-22 09:00:00;2026-06-22 15:57:00;COQ-12;AEROGERADOR;APR - PT;1
CE;2026-06-22 09:30:00;2026-06-22 10:30:00;COQ-12;GERADOR;INSPEÇÃO DE QUALIDADE DE AEROGERADOR;1
CE;2026-06-22 10:45:00;2026-06-22 12:00:00;CAJ-01;CONVERSOR;INSPEÇÃO DE QUALIDADE DE AEROGERADOR;1
CE;2026-06-22 15:00:00;2026-06-22 16:00:00;COQ-12;SISTEMA PITCH;INSPEÇÃO DE QUALIDADE DE AEROGERADOR;1
CE;2026-06-22 15:32:00;2026-06-22 17:00:00;COQ-12;NACELLE;INSPEÇÃO DE QUALIDADE DE AEROGERADOR;1
CE;2026-06-22 16:00:00;2026-06-22 17:00:00;COQ-12;TORRE WTG;INSPEÇÃO DE QUALIDADE DE AEROGERADOR;1
CE;2026-06-23 07:48:00;2026-06-23 17:00:00;CAJ-17;AEROGERADOR;APR - PT;1
CE;2026-06-23 07:57:00;2026-06-24 07:57:00;CAJ-G1;CIRCUITO;APR - PT;1
CE;2026-06-23 09:00:00;2026-06-23 10:00:00;CAJ-01;GERADOR;INSPEÇÃO DE QUALIDADE DE AEROGERADOR;1
CE;2026-06-23 09:00:00;2026-06-23 10:00:00;CAJ-01;NACELLE;INSPEÇÃO DE QUALIDADE DE AEROGERADOR;1
CE;2026-06-23 10:00:00;2026-06-23 11:00:00;CAJ-01;SISTEMA PITCH;INSPEÇÃO DE QUALIDADE DE AEROGERADOR;1
CE;2026-06-23 11:00:00;2026-06-23 12:50:00;CAJ-01;TORRE WTG;INSPEÇÃO DE QUALIDADE DE AEROGERADOR;1
CE;2026-06-23 13:00:00;2026-06-23 15:46:00;CAJ-17;GERADOR;INSPEÇÃO DE QUALIDADE DE AEROGERADOR;1
CE;2026-06-23 14:00:00;2026-06-23 15:45:00;CAJ-17;SISTEMA PITCH;INSPEÇÃO DE QUALIDADE DE AEROGERADOR;1
CE;2026-06-23 15:00:00;2026-06-23 16:00:00;CAJ-17;TORRE WTG;INSPEÇÃO DE QUALIDADE DE AEROGERADOR;1
CE;2026-06-23 16:00:00;2026-06-23 17:00:00;CAJ-17;NACELLE;INSPEÇÃO DE QUALIDADE DE AEROGERADOR;1
CE;2026-06-23 16:00:00;2026-06-24 07:43:00;CAJ-17;CONVERSOR;INSPEÇÃO DE QUALIDADE DE AEROGERADOR;1
CE;2026-06-24 10:00:00;2026-06-24 11:00:00;BUR-02;GERADOR;INSPEÇÃO DE QUALIDADE DE AEROGERADOR;1
CE;2026-06-24 10:00:00;2026-06-24 11:00:00;BUR-02;SISTEMA PITCH;INSPEÇÃO DE QUALIDADE DE AEROGERADOR;1
CE;2026-06-24 10:00:00;2026-06-24 12:00:00;BUR-11;NACELLE;INSPEÇÃO DE QUALIDADE DE AEROGERADOR;1
CE;2026-06-24 10:00:00;2026-06-24 15:00:00;BUR-02;AEROGERADOR;APR - PT;1
CE;2026-06-24 10:24:00;2026-06-24 11:24:00;BUR-02;CONVERSOR;INSPEÇÃO DE QUALIDADE DE AEROGERADOR;1
CE;2026-06-24 11:00:00;2026-06-24 12:15:00;BUR-02;TORRE WTG;INSPEÇÃO DE QUALIDADE DE AEROGERADOR;1
CE;2026-06-25 08:23:00;2026-06-25 11:23:00;BUR-11;TORRE WTG;INSPEÇÃO DE QUALIDADE DE AEROGERADOR;1
CE;2026-06-25 09:00:00;2026-06-25 11:22:00;BUR-11;SISTEMA PITCH;INSPEÇÃO DE QUALIDADE DE AEROGERADOR;1
CE;2026-06-25 09:00:00;2026-06-25 14:08:00;BUR-11;AEROGERADOR;APR - PT;1
CE;2026-06-25 10:00:00;2026-06-25 11:22:00;BUR-11;GERADOR;INSPEÇÃO DE QUALIDADE DE AEROGERADOR;1
CE;2026-06-25 13:14:00;2026-06-25 15:14:00;BUR-02;NACELLE;INSPEÇÃO DE QUALIDADE DE AEROGERADOR;1
CE;2026-06-25 14:16:00;2026-06-25 15:16:00;BUR-11;CONVERSOR;INSPEÇÃO DE QUALIDADE DE AEROGERADOR;1
CE;2026-07-06 08:00:00;2026-07-06 09:20:00;PPG-00;FERRAMENTAS EQUIPAMENTOS DE ENSAIO E MEDIÇÃO;MPP6 - AUDITORIA DE FERRAMENTAS - M6;1
CE;2026-07-06 08:00:00;2026-07-06 09:20:00;PPG-28;FERRAMENTAS EQUIPAMENTOS DE ENSAIO E MEDIÇÃO;MPP6 - AUDITORIA DE FERRAMENTAS - M6;1
CE;2026-07-06 08:00:00;2026-07-06 09:56:00;PPG-7C;FERRAMENTAS EQUIPAMENTOS DE ENSAIO E MEDIÇÃO;MPP6 - AUDITORIA DE FERRAMENTAS - M6;1
CE;2026-07-06 08:00:00;2026-07-06 14:00:00;PPG-67;FERRAMENTAS EQUIPAMENTOS DE ENSAIO E MEDIÇÃO;MPP6 - AUDITORIA DE FERRAMENTAS - M6;1
CE;2026-07-06 08:00:00;2026-07-06 14:00:00;PPG-78;FERRAMENTAS EQUIPAMENTOS DE ENSAIO E MEDIÇÃO;MPP6 - AUDITORIA DE FERRAMENTAS - M6;1
CE;2026-07-06 08:00:00;2026-07-06 14:00:00;PPG-89;FERRAMENTAS EQUIPAMENTOS DE ENSAIO E MEDIÇÃO;MPP6 - AUDITORIA DE FERRAMENTAS - M6;1
CE;2026-07-06 08:00:00;2026-07-06 15:00:00;PPG-37;FERRAMENTAS EQUIPAMENTOS DE ENSAIO E MEDIÇÃO;MPP6 - AUDITORIA DE FERRAMENTAS - M6;1
CE;2026-07-06 08:00:00;2026-07-06 15:00:00;PPG-43;FERRAMENTAS EQUIPAMENTOS DE ENSAIO E MEDIÇÃO;MPP6 - AUDITORIA DE FERRAMENTAS - M6;1
CE;2026-07-06 08:00:00;2026-07-06 15:00:00;PPG-44;FERRAMENTAS EQUIPAMENTOS DE ENSAIO E MEDIÇÃO;MPP6 - AUDITORIA DE FERRAMENTAS - M6;1
CE;2026-07-06 08:00:00;2026-07-06 15:00:00;PPG-85;FERRAMENTAS EQUIPAMENTOS DE ENSAIO E MEDIÇÃO;MPP6 - AUDITORIA DE FERRAMENTAS - M6;1
CE;2026-07-06 08:00:00;2026-07-06 15:00:00;PPG-88;FERRAMENTAS EQUIPAMENTOS DE ENSAIO E MEDIÇÃO;MPP6 - AUDITORIA DE FERRAMENTAS - M6;1
CE;2026-07-06 08:00:00;2026-07-06 15:00:00;PPG-91;FERRAMENTAS EQUIPAMENTOS DE ENSAIO E MEDIÇÃO;MPP6 - AUDITORIA DE FERRAMENTAS - M6;1
CE;2026-07-06 08:00:00;2026-07-06 15:00:00;PPG-96;FERRAMENTAS EQUIPAMENTOS DE ENSAIO E MEDIÇÃO;MPP6 - AUDITORIA DE FERRAMENTAS - M6;1
CE;2026-07-06 08:00:00;2026-07-07 07:00:00;PPG--1;FERRAMENTAS EQUIPAMENTOS DE ENSAIO E MEDIÇÃO;MPP6 - AUDITORIA DE FERRAMENTAS - M6;1
CE;2026-07-06 08:00:00;2026-07-07 07:00:00;PPG-00;FERRAMENTAS EQUIPAMENTOS DE ENSAIO E MEDIÇÃO;MPP6 - AUDITORIA DE FERRAMENTAS - M6;1
CE;2026-07-06 08:00:00;2026-07-07 07:00:00;PPG-14;FERRAMENTAS EQUIPAMENTOS DE ENSAIO E MEDIÇÃO;MPP6 - AUDITORIA DE FERRAMENTAS - M6;1
CE;2026-07-06 08:00:00;2026-07-07 08:00:00;PPG-01;FERRAMENTAS EQUIPAMENTOS DE ENSAIO E MEDIÇÃO;MPP6 - AUDITORIA DE FERRAMENTAS - M6;1
CE;2026-07-06 08:00:00;2026-07-07 08:00:00;PPG-10;FERRAMENTAS EQUIPAMENTOS DE ENSAIO E MEDIÇÃO;MPP6 - AUDITORIA DE FERRAMENTAS - M6;1
CE;2026-07-06 08:00:00;2026-07-07 08:00:00;PPG-12;FERRAMENTAS EQUIPAMENTOS DE ENSAIO E MEDIÇÃO;MPP6 - AUDITORIA DE FERRAMENTAS - M6;1
CE;2026-07-06 08:00:00;2026-07-07 08:00:00;PPG-29;FERRAMENTAS EQUIPAMENTOS DE ENSAIO E MEDIÇÃO;MPP6 - AUDITORIA DE FERRAMENTAS - M6;1
CE;2026-07-06 08:00:00;2026-07-07 08:00:00;PPG-30;FERRAMENTAS EQUIPAMENTOS DE ENSAIO E MEDIÇÃO;MPP6 - AUDITORIA DE FERRAMENTAS - M6;1
CE;2026-07-06 08:00:00;2026-07-07 08:00:00;PPG-45;FERRAMENTAS EQUIPAMENTOS DE ENSAIO E MEDIÇÃO;MPP6 - AUDITORIA DE FERRAMENTAS - M6;1
CE;2026-07-06 08:00:00;2026-07-07 08:00:00;PPG-55;FERRAMENTAS EQUIPAMENTOS DE ENSAIO E MEDIÇÃO;MPP6 - AUDITORIA DE FERRAMENTAS - M6;1
CE;2026-07-06 08:00:00;2026-07-07 08:00:00;PPG-81;FERRAMENTAS EQUIPAMENTOS DE ENSAIO E MEDIÇÃO;MPP6 - AUDITORIA DE FERRAMENTAS - M6;1
CE;2026-07-06 08:00:00;2026-07-07 08:00:00;PPG-86;FERRAMENTAS EQUIPAMENTOS DE ENSAIO E MEDIÇÃO;MPP6 - AUDITORIA DE FERRAMENTAS - M6;1
CE;2026-07-06 08:00:00;2026-07-07 08:00:00;PPG-93;FERRAMENTAS EQUIPAMENTOS DE ENSAIO E MEDIÇÃO;MPP6 - AUDITORIA DE FERRAMENTAS - M6;1
CE;2026-07-06 08:00:00;2026-07-07 08:00:00;PPG-WS;FERRAMENTAS EQUIPAMENTOS DE ENSAIO E MEDIÇÃO;MPP6 - AUDITORIA DE FERRAMENTAS - M6;1
CE;2026-07-06 08:00:00;2026-07-07 09:00:00;PPG--3;FERRAMENTAS EQUIPAMENTOS DE ENSAIO E MEDIÇÃO;MPP6 - AUDITORIA DE FERRAMENTAS - M6;1
CE;2026-07-06 08:00:00;2026-07-07 09:00:00;PPG-02;FERRAMENTAS EQUIPAMENTOS DE ENSAIO E MEDIÇÃO;MPP6 - AUDITORIA DE FERRAMENTAS - M6;1
CE;2026-07-06 08:00:00;2026-07-07 09:00:00;PPG-12;FERRAMENTAS EQUIPAMENTOS DE ENSAIO E MEDIÇÃO;MPP6 - AUDITORIA DE FERRAMENTAS - M6;1
CE;2026-07-06 08:00:00;2026-07-07 09:00:00;PPG-41;FERRAMENTAS EQUIPAMENTOS DE ENSAIO E MEDIÇÃO;MPP6 - AUDITORIA DE FERRAMENTAS - M6;1
CE;2026-07-06 08:00:00;2026-07-07 09:00:00;PPG-WS;FERRAMENTAS EQUIPAMENTOS DE ENSAIO E MEDIÇÃO;MPP6 - AUDITORIA DE FERRAMENTAS - M6;2
CE;2026-07-06 08:00:00;2026-07-07 13:00:00;PPG-67;FERRAMENTAS EQUIPAMENTOS DE ENSAIO E MEDIÇÃO;MPP6 - AUDITORIA DE FERRAMENTAS - M6;1
CE;2026-07-06 08:00:00;2026-07-08 00:00:00;PPG-18;FERRAMENTAS EQUIPAMENTOS DE ENSAIO E MEDIÇÃO;MPP6 - AUDITORIA DE FERRAMENTAS - M6;1
CE;2026-07-06 08:00:00;2026-07-08 00:00:00;PPG-40;FERRAMENTAS EQUIPAMENTOS DE ENSAIO E MEDIÇÃO;MPP6 - AUDITORIA DE FERRAMENTAS - M6;1
CE;2026-07-06 08:00:00;2026-07-08 00:00:00;PPG-MV;FERRAMENTAS EQUIPAMENTOS DE ENSAIO E MEDIÇÃO;MPP6 - AUDITORIA DE FERRAMENTAS - M6;1
CE;2026-07-06 08:00:00;2026-07-08 08:00:00;PPG-11;FERRAMENTAS EQUIPAMENTOS DE ENSAIO E MEDIÇÃO;MPP6 - AUDITORIA DE FERRAMENTAS - M6;1
CE;2026-07-06 08:00:00;2026-07-08 08:00:00;PPG-41;FERRAMENTAS EQUIPAMENTOS DE ENSAIO E MEDIÇÃO;MPP6 - AUDITORIA DE FERRAMENTAS - M6;1
CE;2026-07-06 08:00:00;2026-07-08 08:00:00;PPG-56;FERRAMENTAS EQUIPAMENTOS DE ENSAIO E MEDIÇÃO;MPP6 - AUDITORIA DE FERRAMENTAS - M6;1
CE;2026-07-06 08:00:00;2026-07-08 08:00:00;PPG-57;FERRAMENTAS EQUIPAMENTOS DE ENSAIO E MEDIÇÃO;MPP6 - AUDITORIA DE FERRAMENTAS - M6;1
CE;2026-07-06 08:00:00;2026-07-08 08:00:00;PPG-60;FERRAMENTAS EQUIPAMENTOS DE ENSAIO E MEDIÇÃO;MPP6 - AUDITORIA DE FERRAMENTAS - M6;1
CE;2026-07-06 08:00:00;2026-07-08 08:08:00;PPG-27;FERRAMENTAS EQUIPAMENTOS DE ENSAIO E MEDIÇÃO;MPP6 - AUDITORIA DE FERRAMENTAS - M6;1
CE;2026-07-06 08:00:00;2026-07-08 09:00:00;PPG-06;FERRAMENTAS EQUIPAMENTOS DE ENSAIO E MEDIÇÃO;MPP6 - AUDITORIA DE FERRAMENTAS - M6;1
CE;2026-07-06 08:00:00;2026-07-08 09:00:00;PPG-22;FERRAMENTAS EQUIPAMENTOS DE ENSAIO E MEDIÇÃO;MPP6 - AUDITORIA DE FERRAMENTAS - M6;1
CE;2026-07-06 08:00:00;2026-07-08 09:00:00;PPG-84;FERRAMENTAS EQUIPAMENTOS DE ENSAIO E MEDIÇÃO;MPP6 - AUDITORIA DE FERRAMENTAS - M6;1
CE;2026-07-06 08:00:00;2026-07-08 09:00:00;PPG-89;FERRAMENTAS EQUIPAMENTOS DE ENSAIO E MEDIÇÃO;MPP6 - AUDITORIA DE FERRAMENTAS - M6;1
CE;2026-07-06 08:00:00;2026-07-08 09:00:00;PPG-MV;FERRAMENTAS EQUIPAMENTOS DE ENSAIO E MEDIÇÃO;MPP6 - AUDITORIA DE FERRAMENTAS - M6;2
CE;2026-07-06 08:00:00;2026-07-09 08:00:00;PPG-76;FERRAMENTAS EQUIPAMENTOS DE ENSAIO E MEDIÇÃO;MPP6 - AUDITORIA DE FERRAMENTAS - M6;1
CE;2026-07-06 08:00:00;2026-07-09 09:00:00;PPG-17;FERRAMENTAS EQUIPAMENTOS DE ENSAIO E MEDIÇÃO;MPP6 - AUDITORIA DE FERRAMENTAS - M6;1
CE;2026-07-06 08:00:00;2026-07-09 09:00:00;PPG-MV;FERRAMENTAS EQUIPAMENTOS DE ENSAIO E MEDIÇÃO;MPP6 - AUDITORIA DE FERRAMENTAS - M6;2
CE;2026-07-06 14:59:00;2026-07-06 15:59:00;PPG--4;FERRAMENTAS EQUIPAMENTOS DE ENSAIO E MEDIÇÃO;MPP6 - AUDITORIA DE FERRAMENTAS - M6;1
